Filename,Words,AWL,TTR,LDE,NTotal,VBTotal,ABLE,ACT,AMP,ASPECT,BEMA,CAUSE,CC,CD,COMM,CONC,COND,CONT,CUZ,DEMO,DMA,DOAUX,DT,ELAB,EMPH,EX,EXIST,FPP1P,FPP1S,FPPAll,FREQ,HDG,HGOT,IN,INother,JJAT,JJATDother,JJATother,JJDESCAll,JJEPSTother,JJEVAL,JJPR,JJPRother,JJREL,JJSIZE,JJTIME,MDCA,MDCO,MDMM,MDNE,MDPOSSCAll,MDPREDAll,MDWO,MDWS,MENTAL,NCOMP,NN,NNABSPROC,NNCOG,NNCONC,NNGRP,NNHUMAN,NNP,NNPLACE,NNQUANT,NNTECH,NNother,NOMZ,NSTNCother,OCCUR,PASS,PASSAll,PEAS,PGET,PIT,PLACE,POS,PROG,PrepNSTNC,QUAN,RB,RBother,RNONFACT,RP,RSTNCAll,SPLIT,SPP2,STPR,THATD,THRC,THRCother,THSC,THSCother,TIME,TPP3P,TPP3S,ThJFCT,ThJSTNCAll,ThSTNCAll,ThVATT,ThVCOMM,ThVFCT,ThVSTNCAll,ToJCRTN,ToJEVAL,ToJSTNCAll,ToNSTNC,ToSTNCAll,ToThNSTNCAll,ToVDSR,ToVPROB,ToVSTNCAll,URL,VBD,VBG,VBN,VIMP,VPRT,WHSC,WHSCother,WhVFCT,WhVLIK,WhVSTNCAll,XX0,DWNT,EMO,FPUH,GTO,JJCOLR,JJTOPIC,POLITE,QUPR,RFACT,ToJEASE,ToVEFRT,VFCTother,ThNFCT,ThNSTNCAll,ToJABL,WHQU,YNQU,HST,NNMention,ToJEFCT,ThVLIK,WhVCOM,QUTAG,VLIKother,ThNLIK,ToVMNTL,MDother,GW,VATTother,ThNATT,ToVSPCH,ThJEVL,WhVATT,RLIKELY,ThJATT,ThJLIK,ThNNFCT
USA-WBF184.txt,2331,4.7121,0.5275,0.5032,678,224,2.0,86,12,5,44,3.0,103,81,27,1.0,6.0,30.0,5.0,26,4.0,6.0,168,1.0,8.0,4.0,7.0,32.0,37.0,69.0,5,5.0,1.0,317,305,116,1.0,88,6.0,1.0,5,48,39,10,6.0,11.0,4.0,4.0,2.0,13,10,23.0,6.0,17.0,37,76,678,68,8.0,22,5.0,21,200,20.0,28,2,210,10.0,9.0,10,19,21,19,2.0,24,10,19,15.0,3.0,30,40,35,1.0,6,1.0,8,5,3.0,4.0,11.0,11.0,19.0,8.0,7,10,10.0,1.0,1.0,11.0,5.0,3.0,4.0,10.0,2.0,1.0,3.0,1.0,7.0,1.0,2.0,1.0,3.0,2.0,38,44,21,2.0,138,28,25,2.0,1.0,3.0,18.0,0.0,0.0,0.0,0.0,0.0,0.0,0.0,0.0,0.0,0.0,0.0,0.0,0.0,0.0,0.0,0.0,0.0,0.0,0.0,0.0,0.0,0.0,0.0,0.0,0.0,0.0,0.0,0.0,0.0,0.0,0.0,0.0,0.0,0.0,0.0,0.0,0.0
BD-WBS216.txt,2452,4.8475,0.4525,0.5371,852,186,2.0,85,3,14,35,14.0,102,55,16,0.0,6.0,0.0,1.0,29,3.0,1.0,145,2.0,15.0,1.0,6.0,24.0,4.0,28.0,7,3.0,1.0,353,342,104,1.0,75,8.0,2.0,3,28,21,7,7.0,1.0,5.0,0.0,2.0,2,7,14.0,4.0,9.0,21,113,852,117,3.0,13,17.0,46,258,13.0,33,17,182,36.0,5.0,8,22,24,20,2.0,27,10,9,20.0,2.0,31,39,35,0.0,11,1.0,13,65,0.0,4.0,3.0,3.0,5.0,3.0,9,20,27.0,0.0,0.0,2.0,0.0,0.0,2.0,2.0,0.0,0.0,2.0,0.0,6.0,0.0,3.0,0.0,4.0,2.0,60,44,11,1.0,103,36,36,0.0,0.0,0.0,8.0,1.0,8.0,7.0,1.0,1.0,7.0,6.0,4.0,1.0,2.0,1.0,4.0,0.0,0.0,0.0,0.0,0.0,0.0,0.0,0.0,0.0,0.0,0.0,0.0,0.0,0.0,0.0,0.0,0.0,0.0,0.0,0.0,0.0,0.0,0.0,0.0,0.0
PK-WBS430.txt,3111,4.8903,0.51,0.5284,1017,257,0.0,74,6,15,38,14.0,165,70,31,4.0,7.0,1.0,2.0,25,4.0,8.0,204,5.0,8.0,3.0,14.0,53.0,31.0,84.0,6,1.0,0.0,453,434,151,3.0,118,3.0,2.0,2,37,27,12,3.0,16.0,18.0,0.0,5.0,7,23,37.0,4.0,30.0,26,97,1017,140,4.0,10,17.0,71,327,13.0,15,9,247,47.0,20.0,15,18,21,17,3.0,35,5,11,8.0,9.0,45,42,41,0.0,6,0.0,11,27,0.0,1.0,15.0,14.0,11.0,4.0,7,36,18.0,2.0,2.0,8.0,1.0,3.0,2.0,5.0,0.0,1.0,3.0,2.0,10.0,3.0,4.0,1.0,5.0,8.0,46,52,14,0.0,147,23,21,2.0,0.0,2.0,24.0,2.0,4.0,6.0,3.0,0.0,2.0,3.0,5.0,0.0,1.0,0.0,5.0,1.0,1.0,1.0,2.0,2.0,0.0,0.0,0.0,0.0,0.0,0.0,0.0,0.0,0.0,0.0,0.0,0.0,0.0,0.0,0.0,0.0,0.0,0.0,0.0,0.0
PK-TWT133.txt,2349,5.7497,0.6725,0.6258,796,183,0.0,54,5,7,32,7.0,58,51,24,0.0,2.0,12.0,5.0,19,5.0,3.0,127,1.0,14.0,3.0,12.0,19.0,11.0,30.0,16,0.0,1.0,242,233,116,10.0,85,3.0,1.0,10,43,33,5,3.0,8.0,10.0,3.0,8.0,4,21,14.0,2.0,12.0,38,85,796,52,7.0,29,4.0,45,244,8.0,18,11,184,15.0,3.0,9,17,19,10,2.0,14,5,10,5.0,3.0,24,38,31,0.0,5,2.0,10,34,2.0,4.0,3.0,3.0,1.0,0.0,17,11,24.0,0.0,0.0,1.0,0.0,1.0,0.0,1.0,0.0,0.0,2.0,0.0,4.0,0.0,1.0,0.0,2.0,74.0,41,23,22,7.0,96,21,20,0.0,1.0,1.0,33.0,2.0,55.0,15.0,0.0,0.0,0.0,14.0,12.0,2.0,0.0,1.0,1.0,0.0,0.0,0.0,1.0,1.0,88.0,101.0,2.0,0.0,0.0,0.0,0.0,0.0,0.0,0.0,0.0,0.0,0.0,0.0,0.0,0.0,0.0,0.0,0.0,0.0
LK-TWT408.txt,2547,4.8484,0.625,0.5194,704,271,0.0,96,5,6,51,3.0,58,24,27,3.0,16.0,0.0,3.0,28,11.0,27.0,184,3.0,20.0,4.0,5.0,23.0,28.0,51.0,7,7.0,0.0,239,227,74,9.0,41,3.0,1.0,15,41,23,13,2.0,4.0,14.0,8.0,2.0,16,24,35.0,9.0,26.0,61,45,704,34,2.0,24,12.0,43,52,20.0,26,6,191,12.0,7.0,15,11,11,9,0.0,34,6,10,18.0,1.0,38,81,74,0.0,5,4.0,23,43,1.0,14.0,4.0,4.0,9.0,5.0,17,31,26.0,0.0,0.0,4.0,1.0,2.0,2.0,4.0,0.0,0.0,1.0,0.0,9.0,0.0,6.0,0.0,8.0,16.0,39,29,12,4.0,153,42,39,2.0,1.0,3.0,17.0,2.0,108.0,6.0,0.0,1.0,0.0,9.0,8.0,4.0,1.0,2.0,0.0,0.0,0.0,0.0,9.0,17.0,46.0,232.0,0.0,1.0,0.0,0.0,0.0,0.0,0.0,0.0,0.0,0.0,0.0,0.0,0.0,0.0,0.0,0.0,0.0,0.0
LK-WBS056.txt,3058,5.0628,0.6,0.5647,1092,286,0.0,67,5,5,52,4.0,127,104,53,1.0,1.0,3.0,9.0,39,2.0,1.0,242,2.0,7.0,9.0,15.0,24.0,8.0,32.0,3,1.0,0.0,360,346,171,1.0,126,8.0,14.0,1,45,33,7,6.0,13.0,9.0,3.0,4.0,6,16,31.0,2.0,29.0,30,120,1092,121,6.0,25,20.0,36,382,30.0,40,2,248,49.0,16.0,12,31,31,13,0.0,35,3,16,8.0,3.0,32,50,44,1.0,10,2.0,13,6,0.0,3.0,2.0,2.0,8.0,3.0,23,16,11.0,0.0,0.0,5.0,1.0,3.0,0.0,5.0,0.0,2.0,2.0,1.0,10.0,1.0,4.0,2.0,7.0,9.0,81,35,34,4.0,148,32,30,2.0,0.0,2.0,15.0,2.0,9.0,2.0,0.0,2.0,13.0,1.0,4.0,1.0,0.0,1.0,0.0,0.0,0.0,0.0,2.0,1.0,0.0,1.0,0.0,1.0,1.0,0.0,0.0,0.0,0.0,0.0,0.0,0.0,0.0,0.0,0.0,0.0,0.0,0.0,0.0,0.0
LK-WBF439.txt,2153,4.2457,0.585,0.4798,537,259,1.0,64,2,2,49,0.0,76,51,36,2.0,16.0,23.0,2.0,38,21.0,16.0,163,3.0,11.0,10.0,13.0,6.0,57.0,63.0,12,4.0,0.0,218,208,76,1.0,43,3.0,6.0,22,44,28,6,2.0,7.0,9.0,4.0,7.0,9,20,23.0,12.0,10.0,53,68,537,36,8.0,62,1.0,33,89,11.0,22,3,179,12.0,8.0,6,14,20,9,6.0,36,11,4,6.0,3.0,28,56,52,0.0,11,0.0,10,24,0.0,18.0,2.0,2.0,6.0,5.0,13,20,14.0,0.0,0.0,1.0,0.0,1.0,0.0,1.0,1.0,0.0,2.0,2.0,8.0,2.0,4.0,0.0,4.0,6.0,52,41,21,4.0,152,35,33,1.0,0.0,2.0,33.0,1.0,0.0,15.0,1.0,1.0,0.0,7.0,9.0,0.0,1.0,0.0,10.0,0.0,0.0,0.0,6.0,5.0,2.0,0.0,0.0,0.0,1.0,1.0,1.0,0.0,0.0,0.0,0.0,0.0,0.0,0.0,0.0,0.0,0.0,0.0,0.0,0.0
PK-WBS393.txt,3346,4.4555,0.5925,0.4976,912,300,0.0,144,10,7,48,9.0,175,30,25,3.0,8.0,0.0,4.0,31,5.0,8.0,257,1.0,28.0,8.0,14.0,9.0,8.0,17.0,8,6.0,0.0,370,355,195,2.0,143,13.0,10.0,10,73,58,15,13.0,10.0,25.0,4.0,4.0,7,33,26.0,3.0,23.0,50,153,912,77,11.0,77,11.0,47,78,17.0,38,9,379,11.0,4.0,11,18,22,5,4.0,33,35,21,5.0,4.0,93,88,68,3.0,28,5.0,23,153,0.0,5.0,16.0,15.0,17.0,10.0,9,29,6.0,1.0,1.0,6.0,0.0,4.0,2.0,4.0,0.0,1.0,2.0,1.0,11.0,2.0,5.0,1.0,8.0,2.0,24,60,26,21.0,189,23,23,0.0,0.0,0.0,19.0,0.0,0.0,1.0,0.0,0.0,2.0,0.0,26.0,2.0,0.0,1.0,3.0,0.0,1.0,1.0,1.0,2.0,0.0,0.0,0.0,0.0,0.0,0.0,5.0,1.0,1.0,0.0,0.0,0.0,0.0,0.0,0.0,0.0,0.0,0.0,0.0,0.0
UK-TWT333.txt,2651,6.0268,0.73,0.5851,861,199,0.0,71,9,2,41,3.0,67,45,25,1.0,6.0,2.0,2.0,30,9.0,11.0,152,3.0,21.0,4.0,3.0,16.0,56.0,72.0,13,2.0,0.0,245,232,87,5.0,60,4.0,4.0,12,58,43,5,3.0,4.0,11.0,3.0,2.0,4,16,8.0,2.0,6.0,37,76,861,48,6.0,14,3.0,33,178,9.0,21,5,220,25.0,4.0,11,10,11,10,1.0,26,13,21,13.0,3.0,17,66,51,1.0,16,6.0,13,40,2.0,2.0,3.0,3.0,3.0,2.0,17,12,18.0,0.0,0.0,1.0,0.0,0.0,1.0,1.0,0.0,2.0,5.0,1.0,8.0,1.0,2.0,0.0,2.0,85.0,41,37,20,9.0,121,27,26,1.0,0.0,1.0,30.0,0.0,83.0,6.0,0.0,1.0,2.0,7.0,7.0,5.0,1.0,0.0,1.0,0.0,0.0,1.0,9.0,11.0,110.0,228.0,1.0,0.0,0.0,1.0,0.0,0.0,0.0,0.0,0.0,0.0,0.0,0.0,0.0,0.0,0.0,0.0,0.0,0.0
USA-TWT261.txt,2564,4.6422,0.6325,0.592,707,259,0.0,97,4,5,37,10.0,47,40,30,4.0,12.0,3.0,0.0,32,14.0,11.0,81,0.0,45.0,1.0,8.0,7.0,117.0,124.0,13,0.0,1.0,182,174,97,10.0,56,8.0,7.0,17,62,43,6,3.0,8.0,5.0,1.0,1.0,9,7,8.0,1.0,2.0,57,110,707,33,1.0,38,3.0,25,40,9.0,35,1,279,0.0,8.0,2,1,4,4,3.0,25,9,25,10.0,0.0,41,94,73,1.0,21,2.0,14,74,0.0,8.0,6.0,6.0,4.0,3.0,22,8,19.0,0.0,0.0,1.0,1.0,0.0,0.0,1.0,1.0,0.0,1.0,0.0,6.0,0.0,3.0,0.0,5.0,76.0,58,50,16,5.0,177,28,25,2.0,0.0,3.0,19.0,1.0,168.0,14.0,5.0,5.0,1.0,9.0,16.0,1.0,0.0,1.0,2.0,0.0,0.0,0.0,1.0,2.0,0.0,142.0,0.0,0.0,1.0,0.0,0.0,0.0,1.0,1.0,0.0,0.0,0.0,0.0,0.0,0.0,0.0,0.0,0.0,0.0
IN-WBF265.txt,2250,4.1813,0.615,0.5004,644,212,1.0,61,11,12,67,0.0,85,70,10,4.0,11.0,45.0,3.0,27,10.0,7.0,119,3.0,31.0,6.0,3.0,14.0,62.0,76.0,9,5.0,1.0,231,220,116,0.0,85,7.0,2.0,20,51,37,9,7.0,4.0,2.0,2.0,5.0,5,9,17.0,3.0,14.0,44,55,644,23,5.0,70,9.0,17,207,15.0,22,5,209,5.0,0.0,3,12,12,17,0.0,39,11,8,11.0,1.0,40,89,70,0.0,14,3.0,12,32,0.0,5.0,6.0,6.0,5.0,5.0,24,8,2.0,0.0,0.0,0.0,0.0,0.0,0.0,0.0,0.0,1.0,3.0,0.0,8.0,0.0,5.0,0.0,5.0,0.0,41,31,15,1.0,139,19,16,3.0,0.0,3.0,28.0,4.0,5.0,20.0,0.0,0.0,1.0,3.0,11.0,3.0,2.0,0.0,3.0,0.0,0.0,0.0,2.0,2.0,0.0,1.0,0.0,0.0,0.0,0.0,0.0,0.0,0.0,0.0,2.0,1.0,0.0,0.0,0.0,0.0,0.0,0.0,0.0,0.0
UK-WBS045.txt,2854,4.4552,0.535,0.4128,557,241,2.0,68,14,6,61,10.0,133,25,25,8.0,6.0,0.0,4.0,31,7.0,9.0,213,4.0,21.0,3.0,15.0,11.0,173.0,184.0,16,5.0,2.0,410,380,176,6.0,129,10.0,9.0,9,87,72,15,9.0,4.0,9.0,7.0,5.0,3,21,16.0,10.0,5.0,56,32,557,86,15.0,23,2.0,73,35,4.0,34,7,196,30.0,16.0,15,27,27,42,0.0,37,4,14,12.0,11.0,34,110,96,0.0,14,6.0,37,7,4.0,5.0,16.0,15.0,35.0,21.0,20,26,20.0,0.0,0.0,15.0,1.0,8.0,7.0,14.0,1.0,0.0,5.0,5.0,19.0,6.0,3.0,3.0,9.0,1.0,122,58,14,1.0,79,31,30,0.0,0.0,1.0,42.0,13.0,0.0,1.0,1.0,1.0,9.0,1.0,14.0,6.0,1.0,3.0,1.0,0.0,1.0,0.0,2.0,0.0,0.0,0.0,3.0,1.0,1.0,0.0,0.0,0.0,0.0,0.0,1.0,0.0,1.0,0.0,0.0,0.0,0.0,0.0,0.0,0.0
USA-WBF333.txt,2147,4.6539,0.5925,0.4779,563,218,1.0,47,15,12,52,5.0,85,20,18,0.0,7.0,23.0,2.0,39,8.0,13.0,144,1.0,23.0,3.0,4.0,19.0,17.0,36.0,4,2.0,0.0,270,259,102,2.0,80,6.0,7.0,5,49,36,8,5.0,2.0,11.0,1.0,1.0,8,13,15.0,4.0,10.0,52,65,563,84,3.0,8,19.0,63,85,16.0,13,5,173,10.0,15.0,3,16,16,17,0.0,28,9,11,20.0,2.0,42,61,48,0.0,13,5.0,15,35,0.0,3.0,13.0,13.0,10.0,7.0,6,43,1.0,0.0,0.0,3.0,1.0,2.0,0.0,3.0,0.0,1.0,4.0,0.0,9.0,0.0,3.0,1.0,5.0,5.0,50,25,7,4.0,129,31,28,3.0,0.0,3.0,36.0,0.0,0.0,4.0,1.0,1.0,1.0,7.0,11.0,5.0,1.0,0.0,0.0,0.0,0.0,1.0,5.0,0.0,0.0,0.0,1.0,0.0,0.0,0.0,0.0,0.0,0.0,0.0,0.0,0.0,0.0,1.0,0.0,0.0,0.0,0.0,0.0,0.0
BD-WBF142.txt,3567,3.4329,0.4,0.3513,922,340,0.0,61,5,3,84,20.0,87,695,27,1.0,18.0,18.0,17.0,61,11.0,3.0,207,5.0,19.0,20.0,23.0,82.0,34.0,116.0,5,2.0,2.0,286,278,120,0.0,81,4.0,21.0,7,65,45,26,1.0,1.0,25.0,2.0,2.0,13,29,14.0,2.0,12.0,69,12,922,92,2.0,23,0.0,7,44,2.0,67,53,601,11.0,5.0,1,17,17,12,0.0,26,18,2,11.0,1.0,67,52,43,0.0,3,2.0,5,25,2.0,7.0,3.0,3.0,19.0,11.0,21,10,0.0,0.0,0.0,6.0,0.0,3.0,3.0,6.0,0.0,1.0,5.0,0.0,5.0,0.0,0.0,0.0,0.0,6.0,17,24,13,23.0,244,35,34,1.0,0.0,1.0,29.0,0.0,23.0,6.0,0.0,3.0,0.0,9.0,1.0,2.0,4.0,0.0,2.0,0.0,0.0,0.0,0.0,1.0,0.0,0.0,0.0,0.0,0.0,0.0,0.0,0.0,0.0,0.0,0.0,0.0,0.0,0.0,0.0,0.0,0.0,0.0,0.0,0.0
IN-CMT045.txt,2123,4.5292,0.6375,0.4885,540,231,0.0,61,6,6,61,7.0,69,32,29,2.0,9.0,14.0,8.0,38,9.0,13.0,160,4.0,10.0,8.0,9.0,16.0,8.0,24.0,1,2.0,0.0,266,251,109,2.0,91,1.0,9.0,5,49,36,10,1.0,1.0,11.0,3.0,5.0,7,19,17.0,5.0,12.0,46,49,540,64,1.0,23,5.0,36,149,12.0,12,7,151,14.0,15.0,9,21,23,12,2.0,30,4,3,17.0,4.0,28,43,35,1.0,8,2.0,12,19,0.0,6.0,4.0,4.0,10.0,6.0,10,27,18.0,1.0,3.0,4.0,0.0,0.0,1.0,1.0,0.0,1.0,2.0,0.0,10.0,0.0,5.0,1.0,8.0,5.0,47,31,34,2.0,139,38,36,0.0,0.0,2.0,45.0,3.0,0.0,12.0,0.0,0.0,3.0,7.0,11.0,1.0,0.0,2.0,2.0,0.0,0.0,1.0,3.0,2.0,0.0,0.0,0.0,0.0,1.0,0.0,0.0,0.0,0.0,0.0,0.0,0.0,0.0,0.0,2.0,1.0,0.0,0.0,0.0,0.0
BD-WBS499.txt,2285,5.2556,0.4825,0.6477,1048,129,0.0,39,12,5,25,1.0,110,102,22,0.0,0.0,0.0,1.0,4,1.0,0.0,141,2.0,0.0,0.0,10.0,6.0,0.0,6.0,2,0.0,0.0,320,311,132,0.0,105,8.0,2.0,2,16,16,9,8.0,0.0,1.0,0.0,0.0,2,1,0.0,0.0,0.0,25,40,1048,29,5.0,10,16.0,36,644,21.0,26,7,180,30.0,18.0,2,20,20,8,0.0,10,4,10,0.0,7.0,16,33,33,0.0,5,0.0,2,1,0.0,2.0,8.0,8.0,7.0,6.0,4,9,38.0,0.0,0.0,0.0,0.0,0.0,0.0,0.0,0.0,0.0,2.0,0.0,2.0,0.0,0.0,0.0,0.0,0.0,84,45,20,2.0,40,12,10,0.0,0.0,2.0,0.0,0.0,0.0,7.0,0.0,0.0,6.0,1.0,0.0,0.0,0.0,0.0,0.0,0.0,0.0,2.0,0.0,0.0,0.0,0.0,0.0,0.0,2.0,0.0,0.0,0.0,0.0,0.0,0.0,0.0,0.0,0.0,0.0,0.0,0.0,0.0,0.0,0.0
USA-WBS201.txt,2286,4.5468,0.405,0.5599,763,122,1.0,90,3,6,10,9.0,77,34,15,1.0,14.0,15.0,2.0,14,18.0,2.0,256,3.0,0.0,2.0,0.0,2.0,0.0,2.0,2,1.0,0.0,347,339,93,0.0,75,0.0,6.0,1,14,8,15,0.0,1.0,11.0,0.0,0.0,6,11,8.0,0.0,8.0,23,137,763,86,0.0,101,0.0,27,128,4.0,14,18,212,30.0,5.0,2,10,10,5,0.0,5,19,1,8.0,1.0,15,37,37,0.0,8,0.0,7,89,1.0,8.0,2.0,2.0,0.0,0.0,11,6,0.0,0.0,0.0,0.0,0.0,0.0,0.0,0.0,0.0,1.0,1.0,0.0,5.0,0.0,3.0,0.0,4.0,1.0,6,60,21,20.0,71,16,13,3.0,0.0,3.0,8.0,0.0,2.0,4.0,0.0,0.0,1.0,4.0,0.0,0.0,0.0,1.0,1.0,0.0,0.0,0.0,0.0,0.0,4.0,0.0,0.0,0.0,0.0,0.0,0.0,0.0,0.0,0.0,0.0,0.0,0.0,0.0,0.0,0.0,0.0,0.0,0.0,0.0
BD-TWT411.txt,2595,7.3314,0.5,0.7595,1161,135,0.0,34,6,3,30,2.0,24,26,17,0.0,4.0,14.0,1.0,17,6.0,6.0,41,0.0,63.0,0.0,3.0,31.0,47.0,78.0,13,0.0,0.0,115,107,151,17.0,79,2.0,3.0,43,55,32,3,2.0,13.0,5.0,0.0,0.0,2,5,3.0,0.0,2.0,55,108,1161,32,7.0,21,0.0,27,160,0.0,19,7,196,11.0,17.0,1,3,3,3,0.0,19,3,7,7.0,1.0,34,47,23,0.0,2,1.0,3,48,0.0,4.0,3.0,3.0,1.0,0.0,7,3,7.0,0.0,0.0,1.0,0.0,0.0,1.0,1.0,0.0,0.0,2.0,0.0,7.0,0.0,4.0,0.0,5.0,132.0,9,39,3,3.0,114,5,4,1.0,0.0,1.0,17.0,0.0,148.0,20.0,1.0,0.0,1.0,8.0,5.0,1.0,0.0,1.0,0.0,0.0,0.0,1.0,2.0,0.0,119.0,604.0,1.0,0.0,0.0,0.0,0.0,0.0,0.0,1.0,0.0,0.0,0.0,0.0,0.0,0.0,0.0,0.0,0.0,0.0
PK-TWT169.txt,2344,5.4549,0.63,0.6143,714,219,0.0,41,7,5,46,10.0,79,14,31,1.0,7.0,3.0,4.0,26,18.0,7.0,61,0.0,27.0,2.0,1.0,24.0,72.0,96.0,11,0.0,0.0,163,157,71,4.0,50,0.0,9.0,12,50,32,4,0.0,2.0,11.0,0.0,1.0,9,12,11.0,4.0,7.0,52,40,714,50,3.0,17,4.0,54,49,6.0,16,6,160,15.0,4.0,7,14,14,10,0.0,29,6,1,22.0,3.0,28,60,45,0.0,1,4.0,11,47,0.0,5.0,3.0,3.0,10.0,3.0,4,11,20.0,0.0,0.0,7.0,1.0,3.0,4.0,7.0,0.0,0.0,1.0,0.0,3.0,0.0,2.0,0.0,2.0,34.0,39,26,13,8.0,140,29,28,1.0,0.0,1.0,30.0,1.0,232.0,5.0,0.0,0.0,1.0,16.0,13.0,4.0,0.0,0.0,0.0,0.0,0.0,1.0,1.0,2.0,48.0,289.0,0.0,0.0,0.0,0.0,0.0,0.0,0.0,0.0,1.0,0.0,0.0,0.0,0.0,0.0,0.0,0.0,0.0,0.0
USA-CMT116.txt,2114,4.5487,0.56,0.4603,566,228,0.0,63,1,4,49,6.0,94,19,30,1.0,7.0,29.0,10.0,29,5.0,22.0,155,1.0,13.0,1.0,5.0,12.0,12.0,24.0,15,1.0,0.0,265,245,106,0.0,79,5.0,5.0,7,43,34,11,5.0,4.0,4.0,2.0,1.0,12,7,18.0,4.0,14.0,51,39,566,56,8.0,15,7.0,28,190,19.0,8,2,152,23.0,19.0,3,24,26,10,2.0,23,10,19,13.0,11.0,29,40,34,0.0,9,4.0,9,20,2.0,7.0,4.0,4.0,14.0,10.0,7,29,59.0,1.0,1.0,3.0,0.0,0.0,2.0,2.0,0.0,0.0,0.0,2.0,8.0,2.0,4.0,0.0,6.0,1.0,57,31,16,1.0,133,31,30,1.0,0.0,1.0,30.0,1.0,1.0,25.0,0.0,0.0,3.0,1.0,11.0,3.0,0.0,2.0,1.0,0.0,0.0,0.0,7.0,6.0,0.0,0.0,0.0,0.0,0.0,0.0,0.0,0.0,0.0,0.0,0.0,0.0,0.0,0.0,0.0,0.0,1.0,0.0,0.0,0.0
LK-TXM-144.txt,3091,4.2025,0.5875,0.5662,612,262,0.0,77,1,6,58,9.0,50,782,24,4.0,12.0,70.0,4.0,30,36.0,14.0,146,0.0,20.0,3.0,3.0,25.0,79.0,104.0,7,3.0,0.0,171,167,82,1.0,50,6.0,4.0,11,34,17,12,3.0,10.0,8.0,5.0,4.0,6,17,31.0,8.0,17.0,50,45,612,46,4.0,8,0.0,20,120,4.0,19,4,331,4.0,5.0,9,8,9,12,1.0,40,4,7,22.0,1.0,23,56,44,1.0,9,1.0,9,59,0.0,8.0,2.0,2.0,10.0,8.0,15,13,17.0,0.0,0.0,2.0,0.0,1.0,0.0,2.0,0.0,0.0,0.0,0.0,3.0,0.0,2.0,0.0,3.0,0.0,55,21,4,5.0,154,24,23,1.0,0.0,1.0,32.0,0.0,219.0,29.0,6.0,3.0,0.0,10.0,6.0,0.0,0.0,1.0,0.0,0.0,0.0,0.0,2.0,16.0,0.0,0.0,0.0,1.0,0.0,1.0,0.0,0.0,0.0,0.0,1.0,0.0,0.0,0.0,0.0,0.0,0.0,0.0,0.0,0.0
UK-WBF388.txt,2264,4.2752,0.56,0.485,545,248,0.0,93,8,4,60,3.0,76,77,11,4.0,14.0,38.0,2.0,28,15.0,11.0,149,8.0,28.0,1.0,10.0,1.0,103.0,104.0,11,11.0,0.0,272,247,90,7.0,49,13.0,4.0,16,56,38,8,3.0,4.0,7.0,3.0,1.0,8,11,27.0,10.0,13.0,39,63,545,50,9.0,40,1.0,14,109,2.0,9,9,227,3.0,4.0,5,7,9,12,2.0,44,7,6,17.0,4.0,39,83,63,3.0,14,4.0,17,21,2.0,5.0,7.0,7.0,3.0,2.0,11,18,6.0,0.0,0.0,1.0,0.0,0.0,1.0,1.0,2.0,1.0,5.0,1.0,16.0,1.0,7.0,3.0,10.0,7.0,32,34,11,8.0,166,25,23,2.0,0.0,2.0,29.0,2.0,0.0,6.0,4.0,10.0,0.0,7.0,5.0,1.0,2.0,0.0,2.0,0.0,0.0,0.0,1.0,5.0,0.0,0.0,0.0,0.0,0.0,0.0,0.0,0.0,0.0,0.0,0.0,0.0,0.0,0.0,0.0,0.0,0.0,0.0,0.0,0.0
LK-WBF062.txt,2236,4.3547,0.515,0.4642,561,254,0.0,72,21,6,64,13.0,63,71,30,0.0,22.0,23.0,5.0,34,5.0,15.0,105,3.0,16.0,4.0,6.0,76.0,93.0,169.0,6,0.0,0.0,232,205,80,3.0,52,3.0,9.0,10,37,26,5,3.0,3.0,26.0,1.0,5.0,13,32,15.0,4.0,10.0,72,51,561,116,12.0,16,7.0,40,108,7.0,26,2,137,19.0,17.0,14,6,8,3,2.0,33,10,9,9.0,9.0,32,37,28,0.0,2,2.0,7,77,0.0,8.0,5.0,5.0,8.0,3.0,11,11,7.0,1.0,1.0,5.0,0.0,1.0,2.0,4.0,0.0,0.0,3.0,1.0,19.0,1.0,11.0,0.0,15.0,4.0,14,29,6,12.0,169,39,35,3.0,1.0,4.0,26.0,2.0,2.0,22.0,1.0,0.0,1.0,12.0,10.0,2.0,2.0,1.0,1.0,0.0,0.0,1.0,5.0,11.0,0.0,0.0,0.0,1.0,0.0,0.0,0.0,0.0,3.0,0.0,0.0,0.0,0.0,0.0,0.0,0.0,0.0,0.0,0.0,0.0
BD-WBF019.txt,2127,5.299,0.54,0.5769,745,182,2.0,46,9,4,30,3.0,73,82,56,1.0,0.0,3.0,1.0,11,0.0,1.0,182,0.0,3.0,2.0,7.0,23.0,6.0,29.0,2,1.0,1.0,293,280,155,0.0,126,3.0,2.0,4,25,23,13,1.0,3.0,2.0,1.0,0.0,2,3,15.0,4.0,10.0,31,61,745,79,5.0,6,15.0,34,319,34.0,13,1,136,38.0,4.0,18,7,7,13,0.0,28,2,16,15.0,3.0,21,34,31,0.0,3,1.0,11,3,0.0,19.0,2.0,2.0,7.0,5.0,11,9,31.0,0.0,1.0,2.0,0.0,0.0,1.0,1.0,2.0,1.0,4.0,1.0,10.0,1.0,5.0,0.0,5.0,3.0,72,40,15,0.0,91,12,11,1.0,0.0,1.0,1.0,1.0,1.0,1.0,1.0,2.0,5.0,2.0,2.0,1.0,1.0,0.0,1.0,0.0,0.0,0.0,0.0,0.0,0.0,0.0,0.0,0.0,0.0,0.0,0.0,0.0,0.0,0.0,0.0,0.0,0.0,0.0,0.0,0.0,0.0,1.0,0.0,0.0
PK-WBF367.txt,2134,4.5112,0.51,0.4859,575,216,0.0,55,6,4,54,7.0,86,84,22,2.0,8.0,6.0,3.0,29,3.0,5.0,141,3.0,8.0,7.0,10.0,21.0,9.0,30.0,5,2.0,0.0,319,312,98,0.0,79,3.0,9.0,3,39,27,13,3.0,3.0,5.0,1.0,1.0,11,7,21.0,6.0,15.0,24,59,575,62,4.0,31,8.0,25,100,16.0,14,11,216,19.0,8.0,11,28,29,17,1.0,31,9,6,8.0,2.0,29,45,41,0.0,7,0.0,14,25,1.0,4.0,1.0,1.0,14.0,11.0,16,19,3.0,0.0,0.0,3.0,0.0,3.0,2.0,3.0,0.0,0.0,1.0,0.0,3.0,0.0,0.0,0.0,2.0,3.0,44,31,16,1.0,132,37,35,1.0,0.0,2.0,22.0,2.0,3.0,4.0,0.0,0.0,0.0,0.0,3.0,0.0,0.0,2.0,0.0,0.0,0.0,1.0,3.0,1.0,0.0,0.0,0.0,0.0,2.0,0.0,1.0,0.0,0.0,0.0,0.0,0.0,0.0,0.0,0.0,0.0,0.0,0.0,0.0,0.0
LK-TXM-031.txt,2612,4.4024,0.52,0.5609,664,234,1.0,49,12,9,31,8.0,87,340,34,1.0,3.0,6.0,5.0,38,12.0,8.0,139,1.0,16.0,6.0,5.0,21.0,40.0,61.0,10,0.0,0.0,255,241,103,5.0,70,4.0,5.0,28,47,29,5,3.0,3.0,7.0,0.0,4.0,8,11,11.0,2.0,9.0,50,43,664,47,5.0,25,4.0,49,133,2.0,24,12,289,10.0,11.0,12,20,21,14,1.0,38,3,10,4.0,7.0,32,35,26,0.0,9,0.0,6,64,0.0,5.0,6.0,5.0,17.0,8.0,9,12,12.0,0.0,1.0,7.0,0.0,0.0,5.0,5.0,0.0,3.0,3.0,0.0,7.0,1.0,3.0,0.0,4.0,1.0,50,43,10,2.0,152,37,35,1.0,0.0,2.0,23.0,0.0,107.0,19.0,0.0,1.0,0.0,33.0,6.0,0.0,0.0,1.0,4.0,0.0,1.0,0.0,2.0,0.0,0.0,0.0,0.0,0.0,1.0,0.0,0.0,1.0,0.0,0.0,0.0,0.0,0.0,0.0,0.0,0.0,0.0,0.0,1.0,0.0
IN-TWT288.txt,2379,5.7629,0.5925,0.5628,821,248,0.0,65,6,2,46,13.0,70,12,33,0.0,8.0,2.0,1.0,56,9.0,10.0,58,0.0,13.0,4.0,2.0,41.0,31.0,72.0,5,1.0,0.0,209,202,74,4.0,55,3.0,4.0,6,46,40,6,2.0,1.0,17.0,2.0,1.0,20,20,14.0,1.0,13.0,47,62,821,49,1.0,17,1.0,24,87,11.0,16,5,223,13.0,11.0,2,11,11,12,0.0,22,15,2,17.0,2.0,29,67,55,0.0,4,2.0,10,18,2.0,7.0,1.0,1.0,9.0,3.0,14,39,7.0,0.0,0.0,5.0,1.0,3.0,0.0,5.0,0.0,0.0,0.0,1.0,4.0,1.0,3.0,0.0,3.0,71.0,20,24,10,3.0,171,41,38,2.0,1.0,3.0,23.0,1.0,5.0,34.0,0.0,1.0,1.0,2.0,15.0,2.0,0.0,0.0,0.0,0.0,0.0,0.0,20.0,10.0,6.0,314.0,0.0,1.0,0.0,0.0,0.0,0.0,0.0,2.0,0.0,0.0,0.0,0.0,0.0,0.0,0.0,0.0,0.0,0.0
PK-CMT411.txt,2074,4.6336,0.56,0.4879,579,256,2.0,81,6,12,51,10.0,64,27,19,1.0,15.0,9.0,5.0,33,11.0,5.0,111,0.0,9.0,3.0,9.0,27.0,5.0,32.0,9,1.0,0.0,221,214,100,3.0,67,4.0,4.0,9,34,26,17,3.0,1.0,11.0,1.0,1.0,11,13,36.0,3.0,31.0,45,37,579,63,4.0,9,14.0,30,158,14.0,19,5,168,23.0,12.0,5,17,17,18,0.0,27,8,7,21.0,4.0,35,60,57,0.0,10,1.0,7,30,1.0,6.0,0.0,0.0,6.0,4.0,16,27,13.0,0.0,1.0,2.0,0.0,0.0,1.0,1.0,0.0,0.0,0.0,0.0,1.0,0.0,1.0,0.0,1.0,2.0,30,35,15,8.0,160,43,39,3.0,0.0,4.0,26.0,1.0,0.0,5.0,2.0,1.0,1.0,4.0,17.0,1.0,0.0,0.0,2.0,0.0,0.0,0.0,13.0,13.0,0.0,28.0,0.0,0.0,1.0,0.0,0.0,0.0,0.0,0.0,0.0,0.0,0.0,0.0,1.0,0.0,0.0,0.0,0.0,0.0
LK-TWT089.txt,2126,4.2164,0.5125,0.4191,402,252,0.0,84,12,9,60,4.0,61,10,21,2.0,9.0,21.0,5.0,21,7.0,8.0,169,0.0,26.0,9.0,13.0,24.0,74.0,98.0,17,0.0,0.0,241,230,86,2.0,64,6.0,4.0,6,51,43,4,4.0,5.0,12.0,2.0,3.0,8,17,15.0,3.0,12.0,68,15,402,32,9.0,29,2.0,30,23,10.0,29,14,165,11.0,12.0,5,29,30,15,1.0,29,4,6,8.0,3.0,33,61,51,0.0,12,0.0,7,62,1.0,4.0,14.0,14.0,11.0,8.0,6,19,10.0,0.0,0.0,3.0,1.0,1.0,1.0,3.0,0.0,0.0,1.0,1.0,6.0,1.0,3.0,0.0,4.0,10.0,39,38,8,3.0,170,55,50,4.0,0.0,5.0,41.0,0.0,29.0,5.0,0.0,2.0,1.0,0.0,22.0,0.0,1.0,1.0,2.0,0.0,0.0,0.0,1.0,7.0,16.0,23.0,0.0,0.0,0.0,0.0,0.0,0.0,0.0,0.0,1.0,0.0,0.0,0.0,0.0,1.0,0.0,0.0,0.0,0.0
IN-TWT089.txt,3137,5.5018,0.535,0.7255,942,208,0.0,42,9,12,51,3.0,63,55,17,1.0,6.0,9.0,2.0,7,14.0,1.0,111,0.0,11.0,0.0,8.0,31.0,30.0,61.0,12,0.0,0.0,215,209,181,28.0,57,1.0,28.0,88,76,39,7,1.0,2.0,0.0,1.0,4.0,7,5,5.0,0.0,4.0,41,76,942,52,4.0,12,4.0,42,222,4.0,73,4,175,24.0,10.0,4,6,6,8,0.0,22,9,15,6.0,3.0,38,24,20,0.0,3,2.0,3,54,0.0,1.0,0.0,0.0,3.0,3.0,4,7,5.0,0.0,0.0,0.0,0.0,0.0,0.0,0.0,0.0,0.0,1.0,0.0,3.0,0.0,2.0,0.0,2.0,176.0,7,25,10,17.0,168,11,11,0.0,0.0,0.0,7.0,1.0,656.0,8.0,1.0,0.0,0.0,27.0,7.0,2.0,0.0,0.0,1.0,0.0,0.0,0.0,0.0,1.0,11.0,219.0,1.0,0.0,0.0,0.0,0.0,0.0,0.0,0.0,0.0,0.0,0.0,0.0,0.0,0.0,0.0,0.0,0.0,0.0
LK-CMT312.txt,2112,4.5848,0.6525,0.4891,553,241,0.0,76,8,10,56,4.0,62,24,13,1.0,15.0,19.0,2.0,44,9.0,12.0,141,4.0,16.0,3.0,7.0,24.0,10.0,34.0,7,1.0,0.0,221,205,106,2.0,83,3.0,1.0,10,49,37,9,3.0,3.0,5.0,1.0,5.0,16,11,33.0,3.0,28.0,37,62,553,54,6.0,23,11.0,34,110,31.0,12,3,183,16.0,5.0,12,25,25,13,0.0,20,9,6,9.0,8.0,38,44,41,0.0,1,1.0,7,31,1.0,5.0,6.0,6.0,5.0,1.0,9,54,10.0,0.0,2.0,3.0,0.0,0.0,0.0,1.0,0.0,1.0,3.0,0.0,5.0,0.0,1.0,0.0,2.0,1.0,28,41,30,2.0,153,48,44,4.0,0.0,4.0,39.0,0.0,0.0,8.0,2.0,0.0,4.0,6.0,12.0,1.0,0.0,1.0,2.0,0.0,0.0,0.0,7.0,8.0,0.0,0.0,2.0,1.0,0.0,0.0,1.0,0.0,0.0,0.0,0.0,0.0,0.0,0.0,0.0,0.0,0.0,2.0,0.0,0.0
LK-WBS213.txt,2418,4.7539,0.5275,0.4582,633,265,0.0,71,5,5,52,4.0,54,61,25,3.0,6.0,0.0,2.0,31,2.0,15.0,249,3.0,3.0,11.0,8.0,45.0,52.0,97.0,5,2.0,1.0,334,317,124,4.0,101,4.0,1.0,5,26,20,8,4.0,4.0,7.0,7.0,0.0,12,14,13.0,8.0,5.0,30,37,633,88,7.0,9,23.0,34,141,31.0,29,2,164,54.0,13.0,4,34,35,20,1.0,27,7,4,2.0,10.0,38,47,44,0.0,4,0.0,12,34,1.0,4.0,9.0,9.0,21.0,15.0,11,17,14.0,0.0,0.0,6.0,2.0,3.0,1.0,6.0,0.0,0.0,4.0,1.0,6.0,1.0,1.0,0.0,1.0,0.0,93,36,18,1.0,132,41,41,0.0,0.0,0.0,21.0,2.0,0.0,2.0,0.0,0.0,3.0,0.0,5.0,0.0,3.0,0.0,1.0,0.0,0.0,1.0,2.0,2.0,0.0,0.0,0.0,0.0,0.0,0.0,0.0,0.0,0.0,0.0,0.0,0.0,0.0,0.0,0.0,0.0,0.0,0.0,0.0,0.0
PK-TXM-035.txt,2583,3.9714,0.4875,0.5343,708,232,0.0,101,3,13,31,5.0,101,285,19,0.0,9.0,49.0,4.0,25,25.0,4.0,123,0.0,19.0,1.0,4.0,15.0,104.0,119.0,9,1.0,0.0,251,237,88,2.0,66,8.0,2.0,5,41,31,4,7.0,8.0,14.0,0.0,0.0,9,14,42.0,2.0,35.0,42,68,708,48,9.0,30,4.0,39,62,8.0,21,5,400,10.0,3.0,5,4,6,3,2.0,29,3,12,17.0,3.0,31,50,39,0.0,6,1.0,8,45,0.0,7.0,4.0,4.0,6.0,4.0,33,4,50.0,0.0,0.0,2.0,0.0,0.0,1.0,2.0,0.0,1.0,4.0,1.0,11.0,1.0,2.0,0.0,6.0,0.0,52,21,4,3.0,117,34,30,3.0,0.0,4.0,16.0,0.0,24.0,15.0,5.0,1.0,0.0,4.0,7.0,1.0,2.0,2.0,2.0,0.0,0.0,1.0,4.0,2.0,0.0,0.0,0.0,1.0,1.0,0.0,1.0,0.0,2.0,0.0,0.0,0.0,0.0,0.0,0.0,0.0,0.0,0.0,0.0,0.0
BD-TWT425.txt,2162,5.0995,0.6325,0.5661,632,217,1.0,69,9,5,55,5.0,43,39,14,2.0,4.0,40.0,2.0,25,8.0,5.0,82,0.0,34.0,0.0,6.0,16.0,78.0,94.0,12,1.0,0.0,194,186,93,4.0,55,5.0,4.0,22,58,41,3,5.0,7.0,15.0,3.0,0.0,7,18,24.0,0.0,24.0,69,75,632,30,3.0,20,2.0,21,119,5.0,30,5,178,9.0,3.0,6,4,4,7,0.0,24,13,3,11.0,3.0,23,46,29,0.0,7,0.0,5,57,1.0,9.0,2.0,2.0,6.0,3.0,23,12,17.0,0.0,0.0,3.0,0.0,1.0,2.0,3.0,0.0,0.0,1.0,0.0,3.0,0.0,0.0,0.0,2.0,31.0,30,32,13,4.0,134,23,20,3.0,0.0,3.0,28.0,0.0,30.0,12.0,0.0,0.0,2.0,17.0,6.0,0.0,0.0,2.0,1.0,0.0,0.0,0.0,9.0,4.0,75.0,147.0,1.0,0.0,0.0,0.0,0.0,0.0,0.0,0.0,0.0,1.0,0.0,0.0,0.0,0.0,0.0,0.0,0.0,0.0
IN-TXM-030.txt,2383,4.1762,0.5575,0.4809,455,253,1.0,67,12,8,56,5.0,89,189,17,1.0,10.0,34.0,9.0,37,13.0,9.0,106,5.0,33.0,8.0,8.0,45.0,68.0,113.0,8,3.0,0.0,240,226,93,3.0,60,2.0,12.0,20,56,32,7,2.0,6.0,11.0,4.0,5.0,9,20,17.0,3.0,14.0,67,30,455,64,17.0,8,3.0,19,59,5.0,15,4,188,37.0,2.0,5,13,13,10,0.0,49,10,6,9.0,3.0,37,72,52,0.0,4,2.0,10,43,1.0,7.0,6.0,6.0,10.0,6.0,19,28,5.0,0.0,0.0,3.0,1.0,0.0,2.0,3.0,0.0,0.0,0.0,0.0,8.0,0.0,3.0,0.0,8.0,0.0,35,31,6,3.0,169,39,38,1.0,0.0,1.0,34.0,1.0,98.0,16.0,0.0,0.0,3.0,11.0,22.0,2.0,0.0,5.0,7.0,0.0,0.0,0.0,0.0,2.0,0.0,0.0,0.0,0.0,0.0,0.0,0.0,0.0,0.0,0.0,0.0,0.0,0.0,0.0,0.0,0.0,0.0,0.0,0.0,0.0
PK-WBF185.txt,2112,4.205,0.6275,0.4796,601,250,0.0,72,1,7,47,5.0,73,61,17,0.0,13.0,8.0,3.0,21,10.0,16.0,111,3.0,10.0,5.0,6.0,11.0,30.0,41.0,4,1.0,0.0,263,251,89,0.0,67,11.0,5.0,4,30,22,8,11.0,1.0,7.0,1.0,2.0,16,10,16.0,8.0,8.0,47,63,601,40,8.0,43,1.0,6,134,2.0,18,3,268,6.0,9.0,4,19,20,15,1.0,40,4,3,9.0,2.0,42,81,72,0.0,4,1.0,11,24,3.0,8.0,5.0,5.0,9.0,7.0,13,32,10.0,0.0,0.0,2.0,1.0,1.0,0.0,2.0,0.0,0.0,0.0,1.0,6.0,1.0,2.0,2.0,5.0,0.0,92,20,13,1.0,115,47,47,0.0,0.0,0.0,26.0,1.0,0.0,2.0,0.0,0.0,0.0,0.0,6.0,1.0,0.0,1.0,1.0,0.0,0.0,0.0,2.0,2.0,0.0,0.0,0.0,0.0,0.0,0.0,0.0,0.0,0.0,0.0,0.0,0.0,0.0,0.0,0.0,0.0,0.0,0.0,0.0,0.0
UK-WBS077.txt,2264,4.5601,0.445,0.5583,717,212,1.0,97,3,8,31,6.0,89,47,15,1.0,4.0,0.0,2.0,14,3.0,3.0,150,1.0,8.0,6.0,6.0,16.0,4.0,20.0,6,2.0,3.0,257,252,127,0.0,104,6.0,3.0,7,38,33,5,6.0,7.0,6.0,2.0,4.0,11,12,4.0,0.0,3.0,63,104,717,35,7.0,47,1.0,36,235,6.0,17,2,218,7.0,2.0,6,18,19,16,1.0,23,22,11,12.0,1.0,79,38,33,0.0,13,2.0,10,50,0.0,1.0,11.0,11.0,11.0,7.0,10,13,0.0,1.0,1.0,4.0,0.0,1.0,2.0,3.0,0.0,0.0,1.0,0.0,2.0,0.0,1.0,0.0,1.0,1.0,12,69,19,39.0,135,32,29,3.0,0.0,3.0,5.0,0.0,9.0,0.0,1.0,0.0,0.0,0.0,2.0,2.0,1.0,0.0,5.0,0.0,0.0,0.0,1.0,3.0,0.0,0.0,0.0,1.0,0.0,0.0,0.0,0.0,0.0,2.0,0.0,0.0,0.0,0.0,0.0,0.0,0.0,0.0,0.0,0.0
USA-TWT247.txt,2365,4.5865,0.6375,0.4875,648,276,0.0,65,2,14,56,1.0,36,31,23,2.0,4.0,0.0,2.0,47,46.0,21.0,121,1.0,23.0,2.0,9.0,13.0,117.0,130.0,5,4.0,1.0,231,221,81,1.0,43,20.0,5.0,16,51,38,1,4.0,4.0,6.0,0.0,3.0,11,9,14.0,7.0,5.0,78,42,648,21,1.0,19,4.0,28,225,4.0,17,5,155,5.0,9.0,10,9,9,10,0.0,39,15,40,22.0,0.0,30,90,81,0.0,14,0.0,21,25,1.0,9.0,7.0,7.0,12.0,8.0,21,30,45.0,0.0,1.0,3.0,0.0,1.0,1.0,2.0,0.0,2.0,4.0,0.0,8.0,0.0,2.0,0.0,4.0,26.0,91,32,15,3.0,150,33,27,6.0,0.0,6.0,11.0,1.0,9.0,11.0,2.0,16.0,1.0,6.0,6.0,0.0,0.0,0.0,1.0,0.0,0.0,0.0,8.0,5.0,8.0,112.0,2.0,0.0,0.0,0.0,0.0,0.0,2.0,2.0,0.0,0.0,0.0,0.0,0.0,0.0,0.0,1.0,0.0,0.0
IN-WBF280.txt,2058,4.1921,0.6125,0.4893,555,227,2.0,51,8,7,44,7.0,59,48,31,2.0,13.0,17.0,4.0,24,17.0,9.0,82,1.0,16.0,4.0,5.0,8.0,64.0,72.0,4,1.0,0.0,258,238,64,0.0,45,6.0,6.0,6,41,30,6,4.0,3.0,21.0,1.0,2.0,8,24,21.0,3.0,15.0,45,75,555,35,3.0,15,0.0,25,161,18.0,18,13,164,8.0,1.0,4,8,11,6,3.0,31,14,2,11.0,2.0,35,68,58,0.0,10,1.0,17,30,4.0,8.0,3.0,3.0,5.0,4.0,16,26,28.0,0.0,0.0,1.0,1.0,0.0,0.0,1.0,0.0,2.0,6.0,0.0,11.0,0.0,2.0,0.0,5.0,1.0,47,28,22,3.0,127,29,26,2.0,0.0,3.0,25.0,2.0,1.0,18.0,3.0,2.0,0.0,12.0,18.0,1.0,4.0,2.0,0.0,0.0,0.0,0.0,4.0,4.0,0.0,20.0,0.0,0.0,1.0,0.0,0.0,0.0,1.0,2.0,0.0,0.0,0.0,0.0,0.0,0.0,0.0,0.0,0.0,0.0
USA-CMT121.txt,2185,4.3439,0.5375,0.4549,544,260,1.0,52,6,6,52,8.0,89,37,24,3.0,11.0,23.0,5.0,27,12.0,14.0,149,0.0,19.0,4.0,9.0,26.0,33.0,59.0,6,3.0,2.0,257,244,91,0.0,68,9.0,6.0,8,42,32,2,5.0,2.0,3.0,3.0,4.0,5,10,18.0,8.0,8.0,60,29,544,43,4.0,17,1.0,17,169,9.0,28,3,183,37.0,3.0,6,7,9,11,2.0,17,9,12,19.0,4.0,34,47,36,0.0,11,1.0,9,25,3.0,7.0,4.0,4.0,11.0,4.0,12,16,101.0,0.0,1.0,7.0,1.0,1.0,3.0,6.0,1.0,0.0,1.0,0.0,5.0,0.0,0.0,2.0,4.0,2.0,83,32,3,5.0,141,29,26,3.0,0.0,3.0,37.0,1.0,0.0,13.0,2.0,4.0,3.0,4.0,7.0,1.0,0.0,2.0,1.0,0.0,0.0,0.0,5.0,5.0,0.0,0.0,0.0,1.0,0.0,0.0,0.0,0.0,0.0,1.0,0.0,0.0,0.0,0.0,0.0,0.0,0.0,0.0,1.0,0.0
BD-CMT178.txt,2069,4.7568,0.63,0.507,590,194,0.0,45,9,4,52,6.0,95,25,9,0.0,8.0,9.0,2.0,33,3.0,11.0,142,3.0,7.0,2.0,11.0,24.0,3.0,27.0,7,1.0,0.0,260,248,144,2.0,115,5.0,2.0,16,50,35,10,4.0,5.0,5.0,0.0,2.0,25,7,18.0,3.0,14.0,29,53,590,79,1.0,27,13.0,60,113,20.0,18,3,164,27.0,9.0,9,31,31,11,0.0,29,6,6,10.0,7.0,41,34,31,0.0,8,0.0,10,16,2.0,1.0,3.0,3.0,7.0,5.0,19,20,6.0,0.0,1.0,2.0,0.0,1.0,0.0,1.0,0.0,0.0,0.0,1.0,3.0,1.0,0.0,0.0,2.0,3.0,17,27,23,3.0,125,26,25,1.0,0.0,1.0,26.0,1.0,0.0,5.0,1.0,1.0,3.0,6.0,4.0,0.0,0.0,2.0,1.0,0.0,0.0,0.0,8.0,1.0,0.0,0.0,0.0,0.0,0.0,0.0,0.0,0.0,0.0,0.0,0.0,0.0,0.0,0.0,1.0,0.0,0.0,0.0,0.0,0.0
USA-WBS380.txt,2680,4.553,0.5325,0.4575,705,274,0.0,74,13,11,44,4.0,115,29,56,3.0,3.0,0.0,6.0,18,9.0,4.0,255,1.0,14.0,10.0,11.0,3.0,22.0,25.0,9,4.0,0.0,377,360,114,3.0,75,18.0,3.0,5,54,38,14,6.0,9.0,1.0,4.0,0.0,5,5,6.0,6.0,0.0,35,50,705,44,6.0,61,7.0,65,229,18.0,26,8,175,14.0,3.0,8,35,35,35,0.0,25,13,24,7.0,5.0,47,68,61,0.0,14,1.0,12,4,0.0,1.0,16.0,16.0,28.0,15.0,22,29,100.0,0.0,0.0,13.0,0.0,5.0,4.0,13.0,1.0,1.0,4.0,0.0,12.0,0.0,5.0,2.0,8.0,0.0,212,43,17,1.0,45,40,39,1.0,0.0,1.0,12.0,0.0,1.0,0.0,0.0,12.0,1.0,1.0,12.0,1.0,0.0,1.0,0.0,0.0,0.0,2.0,2.0,0.0,0.0,0.0,0.0,4.0,0.0,0.0,3.0,0.0,0.0,0.0,0.0,0.0,0.0,0.0,0.0,0.0,0.0,0.0,0.0,0.0
IN-CMT261.txt,2076,4.6351,0.505,0.4908,576,186,0.0,41,12,2,47,5.0,88,44,19,2.0,4.0,13.0,6.0,10,11.0,10.0,121,6.0,15.0,3.0,5.0,8.0,19.0,27.0,5,5.0,0.0,273,266,101,1.0,83,1.0,3.0,8,44,39,8,1.0,0.0,4.0,1.0,2.0,7,7,14.0,3.0,11.0,36,53,576,39,5.0,18,14.0,24,138,12.0,12,4,204,33.0,19.0,11,16,19,13,3.0,20,6,9,13.0,2.0,51,59,53,0.0,8,2.0,5,45,0.0,4.0,6.0,6.0,4.0,3.0,21,17,20.0,0.0,1.0,1.0,0.0,0.0,0.0,0.0,0.0,1.0,1.0,0.0,5.0,0.0,1.0,0.0,4.0,4.0,38,28,26,3.0,117,36,35,0.0,0.0,1.0,27.0,2.0,4.0,5.0,0.0,0.0,2.0,3.0,7.0,2.0,0.0,2.0,3.0,0.0,0.0,0.0,7.0,3.0,0.0,0.0,0.0,0.0,1.0,0.0,0.0,0.0,1.0,0.0,0.0,0.0,0.0,0.0,1.0,0.0,0.0,0.0,0.0,0.0
UK-TWT288.txt,2691,4.4563,0.5375,0.5195,635,289,0.0,81,13,2,53,8.0,60,34,40,3.0,10.0,0.0,2.0,23,24.0,23.0,111,1.0,46.0,4.0,8.0,13.0,143.0,156.0,16,7.0,1.0,205,196,66,6.0,42,7.0,8.0,10,68,44,4,7.0,7.0,7.0,3.0,4.0,14,14,21.0,4.0,13.0,64,46,635,29,3.0,32,6.0,30,65,7.0,19,8,179,4.0,11.0,10,14,16,11,2.0,38,8,24,6.0,1.0,29,95,74,0.0,14,1.0,30,69,1.0,12.0,9.0,9.0,11.0,7.0,22,23,35.0,0.0,0.0,4.0,0.0,1.0,2.0,4.0,0.0,0.0,0.0,0.0,6.0,0.0,4.0,0.0,6.0,38.0,70,35,12,3.0,171,21,15,4.0,0.0,6.0,38.0,1.0,227.0,13.0,4.0,0.0,0.0,10.0,10.0,1.0,0.0,1.0,2.0,0.0,0.0,0.0,6.0,8.0,6.0,203.0,0.0,1.0,2.0,0.0,0.0,0.0,1.0,7.0,1.0,0.0,0.0,0.0,0.0,0.0,0.0,0.0,0.0,0.0
PK-CMT089.txt,2090,4.6817,0.635,0.4904,601,215,1.0,56,7,6,43,3.0,88,19,33,1.0,11.0,6.0,2.0,27,3.0,5.0,182,3.0,7.0,3.0,12.0,15.0,14.0,29.0,6,1.0,0.0,280,270,123,1.0,90,5.0,2.0,14,41,35,10,4.0,5.0,10.0,3.0,4.0,9,17,9.0,4.0,5.0,29,24,601,73,6.0,24,10.0,35,184,16.0,8,8,145,43.0,9.0,6,31,31,8,0.0,18,4,6,7.0,6.0,21,39,37,0.0,7,1.0,5,18,0.0,2.0,4.0,4.0,9.0,8.0,10,19,33.0,0.0,0.0,1.0,0.0,0.0,0.0,1.0,0.0,0.0,0.0,0.0,4.0,0.0,2.0,1.0,4.0,3.0,51,26,24,7.0,122,35,34,1.0,0.0,1.0,28.0,0.0,0.0,6.0,0.0,1.0,2.0,1.0,4.0,1.0,0.0,1.0,0.0,0.0,0.0,0.0,2.0,1.0,0.0,12.0,0.0,1.0,0.0,0.0,0.0,0.0,0.0,0.0,0.0,0.0,0.0,0.0,0.0,0.0,0.0,0.0,0.0,0.0
BD-TXM-051.txt,3930,3.9458,0.4925,0.6272,1398,242,1.0,106,3,7,41,1.0,71,924,25,1.0,7.0,35.0,2.0,24,24.0,10.0,139,1.0,5.0,3.0,3.0,25.0,131.0,156.0,7,0.0,1.0,252,233,70,0.0,52,1.0,5.0,2,37,30,12,1.0,2.0,14.0,7.0,2.0,14,23,12.0,3.0,9.0,58,87,1398,73,2.0,16,5.0,14,176,35.0,28,25,912,20.0,4.0,1,14,15,15,1.0,20,15,9,38.0,3.0,38,41,40,0.0,2,0.0,11,59,1.0,4.0,2.0,2.0,5.0,3.0,38,3,17.0,0.0,0.0,0.0,0.0,0.0,0.0,0.0,0.0,0.0,1.0,0.0,13.0,0.0,8.0,0.0,12.0,1.0,43,32,8,6.0,144,16,14,2.0,0.0,2.0,29.0,0.0,12.0,30.0,0.0,0.0,1.0,36.0,1.0,0.0,0.0,4.0,0.0,0.0,0.0,1.0,6.0,9.0,0.0,0.0,0.0,0.0,0.0,1.0,0.0,0.0,0.0,2.0,0.0,0.0,0.0,0.0,0.0,0.0,0.0,0.0,0.0,0.0
IN-TXM-097.txt,2892,3.834,0.47,0.592,922,177,0.0,55,2,3,28,4.0,39,516,23,2.0,25.0,34.0,4.0,28,11.0,13.0,109,2.0,18.0,2.0,5.0,37.0,16.0,53.0,3,3.0,0.0,198,180,127,78.0,40,0.0,6.0,2,25,17,6,0.0,1.0,12.0,0.0,2.0,10,14,21.0,2.0,17.0,53,52,922,39,1.0,16,5.0,12,58,0.0,32,11,670,9.0,10.0,2,12,12,9,0.0,30,8,4,6.0,0.0,31,25,16,1.0,6,1.0,4,75,0.0,5.0,3.0,3.0,11.0,6.0,6,9,1.0,0.0,0.0,1.0,0.0,0.0,0.0,1.0,0.0,0.0,3.0,0.0,18.0,0.0,14.0,0.0,15.0,0.0,19,12,8,6.0,109,21,18,2.0,0.0,3.0,27.0,2.0,131.0,32.0,2.0,0.0,0.0,14.0,5.0,0.0,0.0,1.0,2.0,0.0,0.0,3.0,2.0,3.0,2.0,0.0,0.0,1.0,1.0,0.0,0.0,0.0,0.0,0.0,0.0,0.0,0.0,0.0,0.0,0.0,0.0,0.0,0.0,0.0
BD-TXM-050.txt,3281,3.8772,0.405,0.5998,955,314,1.0,206,4,12,25,5.0,45,567,37,0.0,9.0,32.0,3.0,9,7.0,1.0,132,0.0,14.0,3.0,7.0,11.0,131.0,142.0,6,1.0,0.0,243,210,64,0.0,40,1.0,2.0,11,33,27,14,1.0,0.0,12.0,5.0,8.0,3,25,28.0,2.0,25.0,65,71,955,55,2.0,14,3.0,13,276,15.0,34,15,437,13.0,11.0,1,22,22,51,0.0,16,11,4,17.0,31.0,26,39,32,0.0,13,2.0,10,73,5.0,9.0,0.0,0.0,1.0,0.0,24,13,7.0,0.0,0.0,0.0,0.0,0.0,0.0,0.0,0.0,0.0,0.0,0.0,0.0,0.0,0.0,0.0,0.0,5.0,86,16,71,1.0,172,3,3,0.0,0.0,0.0,17.0,1.0,166.0,17.0,1.0,0.0,0.0,32.0,4.0,2.0,0.0,0.0,2.0,0.0,0.0,0.0,1.0,8.0,0.0,0.0,0.0,0.0,0.0,0.0,0.0,0.0,0.0,0.0,0.0,0.0,0.0,0.0,0.0,0.0,0.0,0.0,0.0,0.0
UK-CMT312.txt,2188,4.4735,0.64,0.4799,538,222,1.0,76,13,4,45,11.0,74,47,22,3.0,9.0,25.0,4.0,38,8.0,3.0,163,4.0,18.0,3.0,11.0,8.0,33.0,41.0,7,3.0,2.0,258,244,136,2.0,99,8.0,2.0,4,51,36,16,8.0,8.0,5.0,5.0,1.0,6,11,26.0,11.0,14.0,28,59,538,63,4.0,11,15.0,30,78,18.0,9,1,216,26.0,8.0,6,20,23,8,3.0,33,9,7,12.0,4.0,39,56,52,0.0,6,1.0,7,15,1.0,5.0,11.0,10.0,18.0,11.0,12,28,6.0,0.0,0.0,7.0,1.0,1.0,2.0,6.0,0.0,1.0,2.0,2.0,10.0,3.0,1.0,3.0,6.0,0.0,37,32,33,4.0,139,39,38,0.0,0.0,1.0,30.0,4.0,0.0,6.0,1.0,0.0,6.0,1.0,20.0,1.0,1.0,2.0,0.0,0.0,1.0,0.0,3.0,1.0,0.0,0.0,0.0,2.0,1.0,1.0,0.0,0.0,0.0,1.0,0.0,0.0,0.0,0.0,0.0,0.0,0.0,0.0,0.0,1.0
IN-WBS072.txt,2782,5.5827,0.54,0.6175,1060,191,0.0,66,4,3,28,36.0,93,37,23,0.0,1.0,0.0,0.0,17,3.0,4.0,248,1.0,6.0,6.0,14.0,0.0,0.0,0.0,7,2.0,0.0,359,349,193,3.0,159,2.0,7.0,1,43,36,21,2.0,2.0,14.0,0.0,4.0,21,18,1.0,0.0,1.0,27,192,1060,134,11.0,17,27.0,50,265,22.0,15,53,199,60.0,18.0,12,43,45,20,2.0,21,11,8,20.0,4.0,37,30,28,0.0,5,0.0,19,1,0.0,1.0,12.0,12.0,8.0,4.0,10,17,4.0,0.0,0.0,4.0,2.0,1.0,1.0,4.0,1.0,2.0,4.0,1.0,6.0,1.0,0.0,1.0,1.0,0.0,20,92,45,2.0,129,23,21,2.0,0.0,2.0,0.0,1.0,0.0,1.0,0.0,0.0,1.0,0.0,3.0,0.0,1.0,0.0,3.0,0.0,0.0,0.0,0.0,0.0,0.0,0.0,0.0,0.0,0.0,0.0,0.0,0.0,0.0,0.0,0.0,0.0,0.0,0.0,0.0,0.0,0.0,0.0,0.0,0.0
UK-WBF252.txt,2252,3.9663,0.4525,0.4529,499,284,3.0,70,5,8,36,6.0,98,19,20,5.0,10.0,67.0,5.0,29,12.0,22.0,134,4.0,43.0,6.0,10.0,20.0,122.0,142.0,8,6.0,0.0,242,230,75,1.0,45,7.0,1.0,10,41,34,10,4.0,5.0,20.0,0.0,0.0,8,20,19.0,7.0,10.0,53,65,499,38,1.0,45,4.0,5,63,8.0,17,1,238,6.0,3.0,6,14,17,20,3.0,56,8,2,10.0,0.0,40,80,54,0.0,17,2.0,16,50,0.0,8.0,9.0,9.0,4.0,4.0,10,12,0.0,0.0,0.0,0.0,0.0,0.0,0.0,0.0,0.0,0.0,0.0,0.0,9.0,0.0,5.0,3.0,9.0,2.0,45,19,14,7.0,187,27,20,5.0,0.0,7.0,47.0,1.0,12.0,7.0,2.0,3.0,0.0,2.0,10.0,2.0,0.0,1.0,3.0,0.0,0.0,0.0,3.0,4.0,0.0,3.0,0.0,0.0,2.0,0.0,0.0,0.0,0.0,0.0,0.0,0.0,0.0,0.0,0.0,0.0,0.0,0.0,0.0,0.0
IN-WBS328.txt,2449,4.808,0.51,0.51,764,196,0.0,50,5,2,48,1.0,114,38,10,1.0,6.0,0.0,2.0,26,3.0,5.0,230,0.0,24.0,4.0,9.0,11.0,0.0,11.0,4,0.0,0.0,349,331,187,0.0,150,10.0,0.0,6,27,26,10,9.0,0.0,21.0,0.0,9.0,6,30,3.0,0.0,3.0,41,60,764,70,7.0,33,16.0,44,183,77.0,11,2,219,39.0,3.0,7,24,25,12,1.0,41,2,12,0.0,4.0,27,45,39,1.0,3,3.0,18,63,2.0,0.0,10.0,10.0,14.0,6.0,3,18,5.0,0.0,0.0,7.0,2.0,0.0,0.0,7.0,0.0,0.0,1.0,0.0,12.0,0.0,9.0,0.0,11.0,0.0,17,32,30,2.0,138,17,17,0.0,0.0,0.0,11.0,0.0,0.0,2.0,0.0,1.0,8.0,1.0,1.0,2.0,0.0,2.0,3.0,0.0,0.0,1.0,1.0,2.0,0.0,0.0,0.0,5.0,0.0,1.0,0.0,0.0,0.0,0.0,1.0,0.0,0.0,0.0,0.0,0.0,0.0,0.0,0.0,0.0
PK-TXM-045.txt,4554,4.374,0.3475,0.6599,1593,209,0.0,54,7,7,38,4.0,64,1257,41,1.0,4.0,5.0,3.0,32,23.0,6.0,203,3.0,18.0,7.0,10.0,19.0,36.0,55.0,4,2.0,1.0,215,207,170,0.0,125,1.0,15.0,21,64,51,10,1.0,1.0,5.0,2.0,5.0,8,12,25.0,4.0,21.0,51,77,1593,53,6.0,29,3.0,19,175,20.0,15,12,1104,58.0,8.0,4,15,16,4,1.0,16,9,5,7.0,0.0,37,41,36,0.0,7,0.0,10,75,1.0,3.0,0.0,0.0,3.0,2.0,18,9,3.0,0.0,0.0,1.0,0.0,0.0,1.0,1.0,0.0,1.0,2.0,0.0,6.0,0.0,1.0,1.0,4.0,0.0,23,23,21,3.0,138,23,21,2.0,0.0,2.0,26.0,0.0,138.0,31.0,0.0,0.0,4.0,53.0,7.0,0.0,0.0,1.0,1.0,0.0,0.0,1.0,4.0,2.0,3.0,0.0,0.0,0.0,0.0,1.0,0.0,0.0,0.0,0.0,1.0,0.0,0.0,1.0,0.0,0.0,0.0,0.0,0.0,0.0
LK-CMT411.txt,2066,4.456,0.5625,0.4884,575,211,1.0,69,12,6,50,4.0,54,22,11,0.0,7.0,9.0,3.0,29,8.0,13.0,167,1.0,11.0,3.0,8.0,21.0,11.0,32.0,5,1.0,1.0,230,219,120,7.0,84,8.0,0.0,19,50,37,6,7.0,3.0,7.0,3.0,3.0,10,13,17.0,1.0,15.0,33,39,575,50,1.0,23,6.0,36,170,16.0,13,3,189,17.0,12.0,7,18,21,12,3.0,26,2,5,19.0,2.0,41,54,52,0.0,6,0.0,10,50,0.0,4.0,2.0,2.0,9.0,6.0,13,11,17.0,0.0,0.0,3.0,0.0,0.0,1.0,3.0,0.0,1.0,5.0,0.0,8.0,0.0,1.0,0.0,3.0,9.0,33,27,22,5.0,134,30,30,0.0,0.0,0.0,26.0,0.0,1.0,11.0,1.0,1.0,2.0,2.0,3.0,0.0,0.0,2.0,0.0,0.0,0.0,3.0,6.0,7.0,0.0,0.0,1.0,2.0,0.0,0.0,0.0,0.0,0.0,0.0,0.0,1.0,0.0,0.0,0.0,0.0,0.0,0.0,0.0,0.0
BD-CMT085.txt,2054,4.6899,0.6425,0.5136,585,206,0.0,47,8,6,52,7.0,76,32,21,1.0,7.0,4.0,4.0,26,4.0,8.0,137,1.0,11.0,8.0,6.0,28.0,14.0,42.0,7,2.0,0.0,252,235,133,2.0,98,6.0,5.0,14,52,40,13,5.0,5.0,14.0,2.0,9.0,20,25,25.0,6.0,18.0,41,61,585,55,5.0,32,4.0,27,113,35.0,21,3,200,18.0,9.0,10,27,27,7,0.0,19,5,4,7.0,6.0,39,38,34,0.0,4,0.0,7,17,0.0,2.0,2.0,2.0,9.0,2.0,8,15,16.0,0.0,0.0,5.0,1.0,3.0,1.0,5.0,0.0,2.0,3.0,1.0,11.0,1.0,5.0,0.0,7.0,2.0,21,34,21,4.0,112,23,23,0.0,0.0,0.0,23.0,1.0,0.0,8.0,1.0,1.0,1.0,7.0,3.0,0.0,1.0,0.0,1.0,0.0,0.0,0.0,4.0,5.0,1.0,0.0,0.0,0.0,0.0,0.0,0.0,0.0,2.0,0.0,0.0,0.0,0.0,0.0,0.0,0.0,0.0,0.0,0.0,0.0
UK-CMT261.txt,2230,4.4244,0.55,0.4448,554,225,0.0,67,8,4,46,4.0,91,28,13,4.0,9.0,35.0,5.0,25,8.0,18.0,186,2.0,33.0,8.0,12.0,8.0,22.0,30.0,6,0.0,0.0,276,257,109,4.0,79,6.0,6.0,4,41,28,9,4.0,3.0,12.0,4.0,3.0,13,19,30.0,7.0,20.0,42,57,554,59,5.0,14,2.0,26,141,12.0,12,2,191,23.0,12.0,9,12,12,15,0.0,44,3,12,5.0,9.0,37,71,51,1.0,13,3.0,13,12,3.0,6.0,10.0,10.0,10.0,8.0,11,36,31.0,0.0,0.0,1.0,1.0,0.0,0.0,1.0,0.0,1.0,2.0,0.0,6.0,0.0,1.0,1.0,4.0,1.0,41,53,14,3.0,122,30,29,0.0,0.0,1.0,52.0,1.0,0.0,2.0,3.0,2.0,4.0,0.0,10.0,2.0,1.0,2.0,1.0,0.0,0.0,0.0,3.0,4.0,0.0,0.0,0.0,0.0,1.0,0.0,0.0,0.0,0.0,0.0,0.0,0.0,0.0,0.0,0.0,0.0,0.0,0.0,0.0,0.0
