Filename,Words,AWL,TTR,LDE,NTotal,VBTotal,ABLE,ACT,AMP,ASPECT,BEMA,CAUSE,CC,CD,COMM,CONC,COND,CONT,CUZ,DEMO,DMA,DOAUX,DT,ELAB,EMPH,EX,EXIST,FPP1P,FPP1S,FPPAll,FREQ,HDG,HGOT,IN,INother,JJAT,JJATDother,JJATother,JJDESCAll,JJEPSTother,JJEVAL,JJPR,JJPRother,JJREL,JJSIZE,JJTIME,MDCA,MDCO,MDMM,MDNE,MDPOSSCAll,MDPREDAll,MDWO,MDWS,MDother,MENTAL,NCOMP,NN,NNABSPROC,NNCOG,NNCONC,NNGRP,NNHUMAN,NNP,NNPLACE,NNQUANT,NNTECH,NNother,NOMZ,NSTNCother,OCCUR,PASS,PASSAll,PEAS,PGET,PIT,PLACE,POS,PROG,PrepNSTNC,QUAN,RB,RBother,RNONFACT,RP,RSTNCAll,SPLIT,SPP2,STPR,THATD,THRC,THRCother,THSC,THSCother,TIME,TPP3P,TPP3S,ThJFCT,ThJSTNCAll,ThSTNCAll,ThVATT,ThVCOMM,ThVFCT,ThVSTNCAll,ToJCRTN,ToJEVAL,ToJSTNCAll,ToNSTNC,ToSTNCAll,ToThNSTNCAll,ToVDSR,ToVPROB,ToVSTNCAll,URL,VBD,VBG,VBN,VPRT,WHSC,WHSCother,WhVFCT,WhVLIK,WhVSTNCAll,XX0,DWNT,EMO,FPUH,GTO,JJCOLR,JJTOPIC,POLITE,QUPR,RFACT,ToJEASE,ToVEFRT,VFCTother,VIMP,ToJABL,WHQU,YNQU,GW,HST,NNMention,ToJEFCT,ThVLIK,WDT,WhVCOM,QUTAG,VLIKother,ThNLIK,ThNSTNCAll,ToVMNTL,VATTother,ThNATT,ToVSPCH,ThJEVL,WhVATT,RLIKELY,ThJATT,ThJLIK,WP,ThNNFCT
USA-WBF184.txt,2325,4.7247,0.5325,0.5028,687,217,0.0092,0.3963,0.006,0.023,0.1843,0.0138,0.4747,0.0344,0.1198,0.0046,0.0276,0.1244,0.023,0.0108,0.0017,0.0276,0.2445,0.0046,0.0034,0.0184,0.0369,0.1567,0.1705,0.3272,0.023,0.0022,0.0046,0.1333,0.1282,0.1616,0.0015,0.1208,0.0058,0.0015,0.0073,0.1843,0.1613,0.0131,0.0058,0.016,0.0138,0.0184,0.0092,0.0599,0.0415,0.106,0.0276,0.0783,0.0092,0.1797,0.1033,0.2955,0.0917,0.0102,0.0335,0.0073,0.032,0.3261,0.0291,0.0393,0.0044,0.0877,0.0146,0.0131,0.0461,0.0876,0.1014,0.0876,0.0138,0.1014,0.0461,0.0277,0.0737,0.0044,0.0408,0.0198,0.0172,0.0004,0.0369,0.0004,0.0415,0.023,0.0138,0.0184,0.0507,0.0507,0.0922,0.0415,0.0369,0.0461,0.0461,0.0046,0.0046,0.0047,0.023,0.0138,0.0184,0.0461,0.0009,0.0004,0.0013,0.0015,0.003,0.0004,0.0092,0.0046,0.0138,0.0009,0.1659,0.2074,0.1014,0.6267,0.129,0.1152,0.0092,0.0046,0.0138,0.0783,0.0,0.0,0.0,0.0,0.0,0.0,0.0,0.0,0.0,0.0,0.0,0.0,0.0,0.0,0.0,0.0,0.0,0.0,0.0,0.0,0.0,0.0,0.0,0.0,0.0,0.0,0.0,0.0,0.0,0.0,0.0,0.0,0.0,0.0,0.0,0.0,0.0,0.0
BD-WBS216.txt,2441,4.8648,0.45,0.5367,847,189,0.0106,0.4497,0.0025,0.0741,0.1958,0.0741,0.545,0.0193,0.0847,0.0,0.0317,0.0,0.0053,0.0123,0.0012,0.0053,0.1712,0.0106,0.0061,0.0053,0.0423,0.127,0.0212,0.1481,0.037,0.0012,0.0053,0.1438,0.1389,0.111,0.0012,0.0779,0.0094,0.0024,0.0035,0.1534,0.1164,0.0083,0.0083,0.0012,0.0265,0.0,0.0106,0.0106,0.037,0.0741,0.0212,0.0476,0.0053,0.1164,0.1464,0.347,0.1393,0.0035,0.0236,0.0189,0.0555,0.2893,0.0153,0.0378,0.0165,0.0713,0.0437,0.0059,0.0423,0.1217,0.1323,0.1058,0.0106,0.1429,0.0529,0.0083,0.1111,0.0024,0.0342,0.0156,0.0135,0.0,0.0688,0.0004,0.0688,0.3439,0.0053,0.0212,0.0159,0.0159,0.0212,0.0053,0.0476,0.1058,0.1429,0.0,0.0,0.0012,0.0,0.0053,0.0106,0.0159,0.0,0.0,0.0008,0.0,0.0025,0.0,0.0159,0.0,0.0212,0.0008,0.3069,0.2381,0.0952,0.5661,0.1905,0.1905,0.0,0.0,0.0,0.0423,0.0004,0.0012,0.0029,0.0053,0.0012,0.0083,0.0025,0.0212,0.0004,0.0008,0.0053,0.0212,0.0106,0.0,0.0,0.0,0.0,0.0,0.0,0.0,0.0,0.0,0.0,0.0,0.0,0.0,0.0,0.0,0.0,0.0,0.0,0.0,0.0,0.0,0.0,0.0,0.0,0.0
PK-WBS430.txt,3079,4.9172,0.5075,0.5235,960,252,0.0,0.3016,0.0019,0.0595,0.1468,0.0556,0.6548,0.0192,0.123,0.0159,0.0278,0.004,0.0079,0.0084,0.001,0.0317,0.2135,0.0198,0.0026,0.0119,0.0476,0.2103,0.123,0.3333,0.0238,0.0003,0.0,0.1481,0.1419,0.1562,0.0031,0.124,0.0031,0.0021,0.0021,0.1548,0.119,0.0115,0.0031,0.0167,0.0675,0.0,0.0198,0.0278,0.0873,0.1468,0.0159,0.119,0.004,0.1071,0.0948,0.3118,0.149,0.0042,0.0104,0.0177,0.074,0.3094,0.0146,0.0156,0.0094,0.0715,0.049,0.0208,0.0556,0.0714,0.0833,0.0714,0.0119,0.1389,0.0238,0.0104,0.0317,0.0094,0.0469,0.0149,0.0136,0.0,0.0198,0.0,0.0476,0.1071,0.0,0.004,0.0556,0.0556,0.0437,0.0159,0.0278,0.1429,0.0714,0.0079,0.0079,0.0023,0.004,0.0119,0.0079,0.0198,0.0,0.0003,0.001,0.0021,0.0032,0.0006,0.0159,0.004,0.0198,0.0026,0.1627,0.1944,0.0675,0.5873,0.0913,0.0833,0.0079,0.0,0.0079,0.0952,0.0006,0.0003,0.0078,0.0119,0.0,0.0031,0.001,0.0198,0.0,0.0003,0.0,0.0198,0.0,0.0003,0.0079,0.0006,0.0,0.0,0.0,0.0,0.0,0.0,0.0,0.0,0.0,0.0,0.0,0.0,0.0,0.0,0.0,0.0,0.0,0.0,0.0,0.0,0.0,0.0
PK-TWT133.txt,2377,5.6605,0.6525,0.6285,798,173,0.0,0.3179,0.0017,0.0462,0.1792,0.0462,0.3353,0.0227,0.1329,0.0,0.0116,0.0636,0.0289,0.008,0.0063,0.0173,0.1591,0.0058,0.0059,0.0173,0.0636,0.1098,0.0636,0.1734,0.0925,0.0,0.0058,0.1027,0.0989,0.1366,0.015,0.094,0.005,0.0013,0.0163,0.3179,0.2312,0.0063,0.005,0.0113,0.0405,0.0173,0.0462,0.0231,0.104,0.0809,0.0116,0.0694,0.0116,0.2197,0.0764,0.3357,0.0639,0.0088,0.0401,0.0038,0.0564,0.3246,0.0113,0.0226,0.0163,0.0812,0.0213,0.0038,0.052,0.1156,0.1272,0.0578,0.0116,0.0809,0.0405,0.0088,0.0289,0.0025,0.0313,0.0164,0.0135,0.0,0.0231,0.0008,0.0578,0.1965,0.0058,0.0173,0.0173,0.0173,0.0058,0.0,0.0983,0.0636,0.1387,0.0,0.0,0.0004,0.0,0.0058,0.0,0.0058,0.0,0.0,0.0008,0.0,0.0021,0.0,0.0116,0.0,0.0173,0.0311,0.2197,0.1272,0.1445,0.526,0.1214,0.1156,0.0,0.0058,0.0058,0.1734,0.0008,0.0084,0.0097,0.0,0.0,0.0,0.0059,0.0694,0.0008,0.0,0.0058,0.0058,0.0462,0.0,0.0058,0.0004,0.008,0.037,0.1153,0.0008,0.0,0.0,0.0,0.0,0.0,0.0,0.0,0.0,0.0,0.0,0.0,0.0,0.0,0.0,0.0,0.0,0.0,0.0
LK-TWT408.txt,2510,4.8869,0.6275,0.5155,706,271,0.0,0.3506,0.0016,0.0221,0.214,0.0111,0.2177,0.0096,0.0996,0.0111,0.059,0.0,0.0111,0.0131,0.004,0.1181,0.2606,0.0111,0.008,0.0185,0.0185,0.0849,0.0996,0.1845,0.0258,0.0028,0.0,0.0968,0.0916,0.1091,0.0127,0.0595,0.0028,0.0014,0.0212,0.1402,0.0812,0.0184,0.0014,0.0057,0.0443,0.0295,0.0074,0.059,0.0812,0.1328,0.0332,0.0996,0.0074,0.2251,0.0552,0.2813,0.0453,0.0028,0.0354,0.017,0.0609,0.1006,0.0269,0.0368,0.0085,0.0773,0.0156,0.0042,0.059,0.0406,0.0406,0.0332,0.0,0.1255,0.0185,0.0014,0.0701,0.0014,0.0552,0.0347,0.0319,0.0,0.0221,0.0016,0.0886,0.1587,0.0037,0.0554,0.0037,0.0037,0.0258,0.0148,0.0627,0.1144,0.0959,0.0,0.0,0.0012,0.0037,0.0074,0.0074,0.0111,0.0,0.0,0.0008,0.0,0.004,0.0,0.0221,0.0,0.0295,0.0064,0.1476,0.107,0.0443,0.5609,0.1587,0.1476,0.0074,0.0037,0.0111,0.0517,0.0008,0.0143,0.0076,0.0,0.0014,0.0,0.0036,0.0295,0.0016,0.0008,0.0074,0.0,0.0185,0.0,0.0295,0.0068,0.002,0.0183,0.3144,0.0,0.0,0.0,0.0,0.0,0.0,0.0,0.0,0.0,0.0,0.0,0.0,0.0,0.0,0.0,0.0,0.0,0.0,0.0
LK-WBS056.txt,3045,5.0791,0.5975,0.5655,1062,303,0.0,0.2706,0.0016,0.0198,0.1815,0.0132,0.4191,0.0332,0.1716,0.0033,0.0033,0.0099,0.0297,0.0125,0.0007,0.0033,0.2298,0.0066,0.0023,0.033,0.0528,0.0792,0.0264,0.1056,0.0099,0.0003,0.0,0.1169,0.111,0.1535,0.0009,0.1139,0.0075,0.0132,0.0009,0.1353,0.0957,0.0075,0.0075,0.0085,0.0231,0.0099,0.0132,0.0198,0.0462,0.099,0.0066,0.0924,0.0066,0.1122,0.1055,0.3488,0.1045,0.0056,0.0254,0.0207,0.0339,0.3653,0.0264,0.0386,0.0019,0.0749,0.0443,0.0151,0.0396,0.1056,0.1056,0.0429,0.0,0.1155,0.0099,0.0075,0.0264,0.0028,0.0301,0.0174,0.0154,0.0003,0.033,0.0007,0.0429,0.0198,0.0,0.0066,0.0066,0.0066,0.0264,0.0099,0.0759,0.0528,0.0363,0.0,0.0,0.0016,0.0033,0.0099,0.0,0.0165,0.0,0.0007,0.0007,0.0009,0.0046,0.0003,0.0264,0.0066,0.0363,0.0026,0.2673,0.1122,0.1056,0.5314,0.1056,0.099,0.0066,0.0,0.0066,0.0429,0.0007,0.003,0.0016,0.0,0.0,0.0122,0.0003,0.0132,0.0003,0.0,0.0033,0.0033,0.0363,0.0,0.0066,0.0,0.0,0.0,0.0009,0.0,0.0033,0.0003,0.0033,0.0,0.0,0.0,0.0,0.0,0.0,0.0,0.0,0.0,0.0,0.0,0.0,0.0,0.0,0.0
LK-WBF439.txt,2137,4.2578,0.5825,0.4778,525,261,0.0038,0.2529,0.0014,0.0077,0.1801,0.0,0.2912,0.0234,0.1379,0.0077,0.0613,0.0805,0.0077,0.0178,0.0098,0.0536,0.3124,0.0115,0.0042,0.0307,0.0498,0.0268,0.2146,0.2414,0.046,0.0023,0.0,0.1006,0.0964,0.1486,0.0019,0.08,0.0038,0.0114,0.0476,0.1533,0.1073,0.0114,0.0019,0.0114,0.0345,0.0153,0.0268,0.0345,0.0766,0.0843,0.046,0.0383,0.0077,0.2107,0.1276,0.2457,0.0686,0.0152,0.1162,0.0019,0.0648,0.1657,0.021,0.0419,0.0057,0.0796,0.0229,0.0152,0.023,0.0536,0.0766,0.0345,0.023,0.1341,0.0498,0.0038,0.0268,0.0038,0.0533,0.0234,0.0211,0.0,0.046,0.0,0.023,0.092,0.0,0.0728,0.0115,0.0115,0.0192,0.0153,0.046,0.0766,0.0536,0.0,0.0,0.0005,0.0,0.0038,0.0,0.0038,0.0,0.0,0.0005,0.0019,0.0033,0.0005,0.0153,0.0,0.0192,0.0009,0.2107,0.1648,0.0805,0.5747,0.1303,0.1226,0.0038,0.0,0.0077,0.1303,0.0005,0.0,0.0098,0.0,0.0019,0.0,0.0033,0.0345,0.0,0.0005,0.0038,0.0421,0.0192,0.0,0.0268,0.0019,0.0,0.0009,0.0,0.0,0.0,0.0,0.0038,0.0038,0.0038,0.0,0.0,0.0,0.0,0.0,0.0,0.0,0.0,0.0,0.0,0.0,0.0,0.0
PK-WBS393.txt,3357,4.4447,0.5925,0.499,889,281,0.0,0.5089,0.0036,0.0249,0.1851,0.0391,0.6228,0.0089,0.0925,0.0107,0.0285,0.0,0.0142,0.0098,0.0015,0.0356,0.2891,0.0036,0.0083,0.0249,0.0498,0.032,0.0285,0.0605,0.0285,0.0018,0.0,0.112,0.1075,0.2058,0.0022,0.1496,0.0146,0.009,0.0112,0.2776,0.2313,0.0169,0.0146,0.0112,0.089,0.0142,0.0142,0.0249,0.1174,0.0925,0.0107,0.0819,0.0427,0.1815,0.1597,0.2648,0.0799,0.0124,0.0866,0.0124,0.0517,0.09,0.018,0.0427,0.009,0.1108,0.0146,0.0045,0.0391,0.0676,0.0783,0.0214,0.0107,0.1174,0.121,0.0169,0.0178,0.0034,0.1024,0.025,0.0185,0.0009,0.0925,0.0015,0.0961,0.5445,0.0,0.0178,0.0676,0.0641,0.0463,0.0214,0.032,0.1032,0.0214,0.0036,0.0036,0.0018,0.0,0.0142,0.0071,0.0142,0.0,0.0003,0.0006,0.0011,0.0036,0.0006,0.0214,0.0036,0.032,0.0,0.0712,0.2171,0.0925,0.6157,0.0819,0.0819,0.0,0.0,0.0,0.0676,0.0,0.0,0.0006,0.0,0.0,0.0022,0.0,0.0925,0.0006,0.0,0.0036,0.0107,0.0783,0.0003,0.0036,0.0006,0.0,0.0,0.0,0.0,0.0,0.0,0.0,0.0,0.0178,0.0011,0.0011,0.0036,0.0,0.0,0.0,0.0,0.0,0.0,0.0,0.0,0.0,0.0
UK-TWT333.txt,2717,5.8774,0.7175,0.594,864,202,0.0,0.3614,0.0029,0.0099,0.2228,0.0347,0.3218,0.018,0.1238,0.0099,0.0297,0.0099,0.0099,0.0125,0.0033,0.0545,0.1794,0.0149,0.0081,0.0347,0.0198,0.0792,0.2772,0.3564,0.0644,0.0007,0.0,0.0972,0.0905,0.103,0.0069,0.0718,0.0035,0.0046,0.0162,0.297,0.2079,0.0058,0.0035,0.0058,0.0545,0.0149,0.0099,0.0198,0.0792,0.0396,0.0099,0.0297,0.0198,0.1832,0.0787,0.318,0.0556,0.0069,0.0185,0.0046,0.0405,0.2315,0.0127,0.0266,0.0058,0.0828,0.0312,0.0058,0.0545,0.0545,0.0545,0.0495,0.0,0.1287,0.0446,0.0104,0.0644,0.0035,0.0208,0.0247,0.0191,0.0004,0.0792,0.0018,0.0594,0.198,0.0149,0.0198,0.0099,0.0099,0.0,0.0,0.0842,0.0594,0.0891,0.0,0.0,0.0,0.0,0.0,0.0,0.0,0.0,0.0007,0.0029,0.0012,0.0044,0.0004,0.0099,0.0,0.0149,0.0313,0.2228,0.1634,0.1089,0.5941,0.1337,0.1287,0.005,0.0,0.005,0.1535,0.0,0.0202,0.0026,0.0,0.0,0.0023,0.0026,0.0347,0.0015,0.0004,0.005,0.005,0.0446,0.0007,0.0446,0.0037,0.0033,0.0405,0.2326,0.0011,0.0,0.0,0.0,0.005,0.0,0.0,0.0,0.0,0.0,0.0,0.0,0.0,0.0,0.0,0.0,0.0,0.0,0.0
USA-TWT261.txt,2435,4.823,0.65,0.577,676,237,0.0,0.4093,0.0016,0.0211,0.2194,0.0422,0.2068,0.0152,0.1266,0.0127,0.0506,0.0127,0.0,0.0156,0.0057,0.0506,0.1213,0.0,0.0181,0.0042,0.0253,0.0295,0.4346,0.4641,0.0549,0.0,0.0042,0.0752,0.0719,0.1331,0.0148,0.071,0.0118,0.0074,0.0251,0.2447,0.1857,0.0089,0.0044,0.0104,0.0211,0.0042,0.0042,0.038,0.0295,0.0211,0.0042,0.0084,0.0422,0.2405,0.1198,0.2776,0.0459,0.0,0.0547,0.0044,0.0385,0.1183,0.0133,0.0503,0.003,0.0982,0.003,0.0133,0.0127,0.0042,0.0127,0.0127,0.0084,0.1055,0.0338,0.0015,0.0422,0.0,0.0621,0.0394,0.0312,0.0004,0.0886,0.0008,0.0633,0.3122,0.0,0.0127,0.0127,0.0127,0.0042,0.0042,0.1013,0.0338,0.0802,0.0,0.0,0.0,0.0,0.0,0.0,0.0,0.0004,0.0,0.0004,0.0,0.0025,0.0,0.0127,0.0,0.0211,0.0312,0.211,0.1941,0.0675,0.6835,0.1181,0.1055,0.0084,0.0,0.0127,0.0802,0.0004,0.0209,0.0172,0.0084,0.0074,0.0015,0.0037,0.0675,0.0004,0.0,0.0042,0.0084,0.0253,0.0,0.0042,0.0008,0.0,0.0,0.176,0.0,0.0,0.0,0.0042,0.0,0.0,0.0,0.0,0.0042,0.0,0.0,0.0,0.0,0.0,0.0,0.0,0.0,0.0,0.0
IN-WBF265.txt,2242,4.1806,0.6175,0.5004,631,211,0.0047,0.2891,0.0036,0.0521,0.3223,0.0,0.4076,0.029,0.0474,0.019,0.0521,0.1991,0.0142,0.0134,0.0045,0.0332,0.1933,0.0142,0.0143,0.0284,0.0142,0.0806,0.2891,0.3697,0.0427,0.0022,0.0047,0.1048,0.1004,0.1791,0.0,0.1315,0.0127,0.0032,0.0317,0.2417,0.1754,0.0127,0.0111,0.0063,0.0047,0.0095,0.0237,0.0237,0.0379,0.0758,0.0142,0.0616,0.0095,0.218,0.0856,0.2814,0.0396,0.0048,0.1173,0.0143,0.0238,0.3724,0.0254,0.0349,0.0063,0.074,0.0111,0.0,0.0142,0.0569,0.0569,0.0758,0.0,0.1706,0.0521,0.0095,0.0474,0.0016,0.0681,0.0397,0.0299,0.0,0.0664,0.0013,0.0521,0.1517,0.0,0.0284,0.0237,0.0237,0.0142,0.0142,0.1137,0.0379,0.0095,0.0,0.0,0.0,0.0,0.0,0.0,0.0,0.0,0.0004,0.0009,0.0,0.0031,0.0,0.0237,0.0,0.0237,0.0,0.1991,0.1564,0.0664,0.6588,0.09,0.0758,0.0142,0.0,0.0142,0.128,0.0018,0.0013,0.012,0.0,0.0016,0.0016,0.0013,0.0521,0.0013,0.0004,0.0,0.0142,0.0047,0.0,0.0095,0.0004,0.0,0.0,0.0,0.0,0.0,0.0,0.0,0.0,0.0,0.0,0.0,0.0,0.0047,0.0,0.0,0.0,0.0,0.0,0.0,0.0,0.0,0.0
UK-WBS045.txt,2859,4.4495,0.535,0.4138,554,258,0.0078,0.2636,0.0049,0.0233,0.2558,0.0388,0.5194,0.008,0.1047,0.031,0.0233,0.0,0.0155,0.0108,0.0024,0.0426,0.3845,0.0155,0.007,0.0155,0.062,0.0426,0.6705,0.7132,0.062,0.0017,0.0078,0.1431,0.1322,0.2942,0.0108,0.2112,0.0162,0.0162,0.0162,0.3488,0.2907,0.0271,0.0144,0.0072,0.0349,0.0271,0.0194,0.0116,0.0814,0.062,0.0388,0.0194,0.0,0.2132,0.0632,0.1938,0.157,0.0289,0.0415,0.0036,0.13,0.0686,0.0072,0.0614,0.0108,0.0654,0.0542,0.0289,0.0581,0.1047,0.1047,0.1705,0.0,0.1434,0.0194,0.0253,0.0465,0.0199,0.0596,0.0385,0.0336,0.0,0.0543,0.0021,0.1512,0.0271,0.0155,0.0194,0.0736,0.0698,0.1279,0.0775,0.0736,0.1008,0.0775,0.0,0.0,0.0049,0.0039,0.031,0.0271,0.0504,0.0003,0.0,0.0017,0.009,0.007,0.0021,0.0116,0.0116,0.0388,0.0,0.4806,0.2248,0.062,0.3605,0.1202,0.1163,0.0,0.0,0.0039,0.1628,0.0045,0.0,0.0003,0.0039,0.0018,0.0162,0.0003,0.0543,0.0021,0.0003,0.0116,0.0039,0.0078,0.0,0.0078,0.0,0.0,0.0,0.0,0.001,0.0,0.0,0.0039,0.0,0.0,0.0,0.0018,0.0,0.0,0.0018,0.0039,0.0,0.0,0.0,0.0,0.0,0.0,0.0
USA-WBF333.txt,2133,4.6756,0.5925,0.4759,562,215,0.0047,0.2186,0.007,0.0558,0.2512,0.0233,0.4,0.007,0.0837,0.0,0.0326,0.093,0.0093,0.0183,0.0038,0.0605,0.2562,0.0047,0.0108,0.014,0.0186,0.0884,0.0791,0.1674,0.0186,0.0009,0.0,0.1256,0.1205,0.1868,0.0036,0.1459,0.0107,0.0125,0.0089,0.2047,0.1442,0.0142,0.0089,0.0053,0.0279,0.0047,0.0047,0.0372,0.0372,0.0698,0.0186,0.0465,0.0186,0.2512,0.1085,0.2635,0.1495,0.0053,0.016,0.0391,0.1121,0.1601,0.0285,0.0249,0.0089,0.0769,0.0214,0.0267,0.014,0.0837,0.0837,0.0837,0.0,0.1302,0.0419,0.0178,0.0977,0.0036,0.0747,0.0258,0.0197,0.0,0.0744,0.0023,0.0791,0.1628,0.0047,0.014,0.0512,0.0512,0.0558,0.0419,0.0279,0.2,0.0047,0.0,0.0,0.0014,0.0047,0.0093,0.0,0.014,0.0,0.0005,0.0019,0.0,0.0038,0.0,0.014,0.0,0.0186,0.0023,0.214,0.1209,0.0605,0.6279,0.1442,0.1302,0.014,0.0,0.014,0.1442,0.0,0.0,0.0033,0.0047,0.0018,0.0018,0.0033,0.0512,0.0023,0.0005,0.0,0.0,0.0186,0.0005,0.0233,0.0,0.0,0.0,0.0,0.0005,0.0,0.0,0.0,0.0,0.0,0.0,0.0,0.0,0.0,0.0,0.0047,0.0,0.0,0.0,0.0,0.0,0.0,0.0
BD-WBF142.txt,3162,4.0373,0.4325,0.3922,841,325,0.0,0.1846,0.0016,0.0092,0.2615,0.0554,0.2492,0.1442,0.0831,0.0031,0.0554,0.0431,0.0492,0.0199,0.0032,0.0123,0.1748,0.0215,0.0063,0.0615,0.0708,0.2523,0.0862,0.3385,0.0154,0.0006,0.0062,0.0876,0.0851,0.1403,0.0,0.0951,0.0048,0.0262,0.0083,0.2123,0.1477,0.0297,0.0012,0.0012,0.0523,0.0062,0.0062,0.04,0.0646,0.04,0.0062,0.0338,0.0246,0.2154,0.0464,0.2647,0.1177,0.0024,0.025,0.0,0.0083,0.1249,0.0024,0.0797,0.0642,0.1338,0.0131,0.0059,0.0031,0.0523,0.0523,0.0369,0.0,0.08,0.0554,0.0012,0.0338,0.0012,0.0761,0.0164,0.0142,0.0,0.0092,0.0006,0.0154,0.0769,0.0062,0.0215,0.0092,0.0092,0.0523,0.0246,0.0646,0.0308,0.0,0.0,0.0,0.0022,0.0,0.0031,0.0185,0.0215,0.0,0.0003,0.0016,0.0,0.0016,0.0,0.0,0.0,0.0,0.0006,0.0554,0.0738,0.0246,0.7323,0.1077,0.1046,0.0031,0.0,0.0031,0.0646,0.0,0.0038,0.0047,0.0,0.0036,0.0,0.0028,0.0031,0.0006,0.0013,0.0,0.0062,0.0677,0.0,0.0,0.0006,0.0025,0.0,0.0,0.0,0.0,0.0,0.0,0.0,0.0,0.0,0.0,0.0,0.0,0.0,0.0,0.0,0.0,0.0,0.0,0.0,0.0,0.0
IN-CMT045.txt,2115,4.531,0.64,0.4884,542,223,0.0,0.287,0.0028,0.0269,0.2422,0.0359,0.3139,0.0147,0.1256,0.009,0.0404,0.0583,0.0359,0.0184,0.0043,0.0538,0.2952,0.0179,0.0047,0.0314,0.0448,0.0717,0.0359,0.1076,0.0045,0.0009,0.0,0.1239,0.1163,0.1974,0.0037,0.1642,0.0018,0.0166,0.0092,0.2466,0.1928,0.0166,0.0018,0.0018,0.0224,0.0135,0.0224,0.0314,0.0583,0.0762,0.0224,0.0493,0.0179,0.2197,0.0775,0.2563,0.1199,0.0018,0.0443,0.0074,0.0738,0.2638,0.024,0.0258,0.0129,0.0747,0.0258,0.0258,0.0404,0.0987,0.1076,0.0538,0.009,0.1345,0.0179,0.0055,0.0493,0.0074,0.0572,0.0203,0.017,0.0005,0.0359,0.0009,0.0404,0.0852,0.0,0.0224,0.0179,0.0179,0.0404,0.0224,0.0448,0.1211,0.0807,0.0045,0.0135,0.0019,0.0,0.0,0.0045,0.0045,0.0,0.0009,0.0014,0.0,0.0052,0.0,0.0224,0.0045,0.0359,0.0,0.1973,0.1435,0.1839,0.6368,0.1794,0.1659,0.0,0.0,0.0135,0.1794,0.0014,0.0,0.0071,0.0045,0.0,0.0055,0.0033,0.0493,0.0005,0.0,0.009,0.009,0.0045,0.0005,0.0045,0.0005,0.0,0.0,0.0,0.0,0.0,0.0,0.009,0.0,0.0,0.0,0.0,0.0,0.0,0.0,0.0,0.009,0.0045,0.0,0.0,0.0,0.0,0.0
BD-WBS499.txt,2278,5.2717,0.4825,0.6471,1053,123,0.0,0.3252,0.0044,0.0407,0.187,0.0081,0.8943,0.0448,0.1951,0.0,0.0,0.0,0.0081,0.0018,0.0,0.0,0.1339,0.0163,0.0,0.0,0.0813,0.0488,0.0,0.0488,0.0163,0.0,0.0,0.1418,0.137,0.1035,0.0,0.0817,0.0057,0.0019,0.0019,0.122,0.122,0.0066,0.0057,0.0,0.0081,0.0,0.0,0.0163,0.0081,0.0,0.0,0.0,0.0,0.2033,0.0655,0.4622,0.0294,0.0047,0.0104,0.0095,0.038,0.6059,0.0199,0.0171,0.0057,0.0676,0.0304,0.0171,0.0163,0.1626,0.1626,0.065,0.0,0.0813,0.0325,0.0114,0.0,0.0066,0.0171,0.0136,0.0136,0.0,0.0244,0.0,0.0163,0.0081,0.0163,0.0163,0.0488,0.0488,0.0732,0.065,0.0325,0.0732,0.3089,0.0,0.0,0.0,0.0,0.0,0.0,0.0,0.0,0.0,0.0009,0.0,0.0009,0.0,0.0,0.0,0.0,0.0,0.6341,0.4309,0.2358,0.3252,0.0976,0.0813,0.0,0.0,0.0163,0.0,0.0,0.0,0.0031,0.0,0.0,0.0057,0.0004,0.0,0.0,0.0,0.0,0.0,0.0163,0.0009,0.0,0.0,0.0,0.0,0.0,0.0,0.0,0.0,0.0163,0.0,0.0,0.0,0.0,0.0,0.0,0.0,0.0,0.0,0.0,0.0,0.0,0.0,0.0,0.0
USA-WBS201.txt,2296,4.5305,0.405,0.5636,733,140,0.0071,0.6357,0.0017,0.0429,0.0714,0.0571,0.55,0.0152,0.1071,0.0071,0.1,0.1071,0.0143,0.0061,0.0078,0.0143,0.3492,0.0214,0.0,0.0143,0.0,0.0143,0.0,0.0143,0.0143,0.0004,0.0,0.149,0.1442,0.1323,0.0,0.105,0.0,0.0082,0.0014,0.0857,0.0429,0.0232,0.0,0.0014,0.0643,0.0,0.0,0.0429,0.0643,0.0571,0.0,0.0571,0.0214,0.1714,0.1814,0.3193,0.1173,0.0,0.1733,0.0,0.0382,0.1228,0.0055,0.0191,0.0246,0.0845,0.0464,0.0068,0.0143,0.0714,0.0714,0.0357,0.0,0.0357,0.1786,0.0,0.0571,0.0041,0.0191,0.017,0.017,0.0,0.05,0.0,0.05,0.6357,0.0143,0.0357,0.0143,0.0143,0.0,0.0,0.0786,0.0429,0.0,0.0,0.0,0.0,0.0,0.0,0.0,0.0,0.0,0.0004,0.0004,0.0,0.0022,0.0,0.0143,0.0,0.0286,0.0004,0.0429,0.4214,0.15,0.4643,0.1143,0.0929,0.0214,0.0,0.0214,0.0429,0.0,0.0,0.0022,0.0,0.0,0.0014,0.0017,0.0,0.0,0.0,0.0143,0.0071,0.3286,0.0,0.0,0.0,0.0,0.0017,0.0,0.0,0.0,0.0,0.0,0.0,0.0,0.0,0.0,0.0,0.0,0.0,0.0,0.0,0.0,0.0,0.0,0.0,0.0,0.0
BD-TWT411.txt,2596,7.2782,0.4975,0.7562,1148,126,0.0,0.2857,0.0023,0.0317,0.2222,0.0159,0.2857,0.0131,0.127,0.0,0.0317,0.0952,0.0079,0.0069,0.0031,0.0476,0.0357,0.0,0.0239,0.0,0.0317,0.246,0.381,0.627,0.1032,0.0,0.0,0.0566,0.0532,0.1141,0.0174,0.0557,0.0026,0.0026,0.0375,0.6032,0.3254,0.0026,0.0026,0.0122,0.0238,0.0,0.0079,0.0159,0.0317,0.0238,0.0,0.0159,0.0397,0.4524,0.0653,0.4422,0.0235,0.0078,0.02,0.0,0.0261,0.1995,0.0,0.0174,0.0061,0.0632,0.0105,0.0166,0.0079,0.0238,0.0238,0.0238,0.0,0.1587,0.0238,0.007,0.0556,0.0017,0.0305,0.0208,0.0112,0.0,0.0159,0.0004,0.0238,0.381,0.0,0.0238,0.0238,0.0238,0.0079,0.0,0.0556,0.0238,0.0476,0.0,0.0,0.0004,0.0,0.0,0.0079,0.0079,0.0,0.0,0.0008,0.0,0.0027,0.0,0.0317,0.0,0.0397,0.0478,0.0476,0.3095,0.0476,0.8492,0.0397,0.0317,0.0079,0.0,0.0079,0.119,0.0,0.0123,0.0131,0.0079,0.0,0.0009,0.0031,0.0476,0.0004,0.0,0.0079,0.0,0.0397,0.0004,0.0159,0.0,0.015,0.0435,0.4869,0.0004,0.0,0.0,0.0,0.0,0.0,0.0,0.0,0.0,0.0,0.0,0.0,0.0,0.0,0.0,0.0,0.0,0.0,0.0
PK-TWT169.txt,2205,5.7293,0.6475,0.5946,708,205,0.0,0.2,0.0041,0.0293,0.2293,0.0488,0.3854,0.005,0.1415,0.0049,0.0341,0.0146,0.0195,0.0132,0.0082,0.0098,0.0876,0.0,0.0127,0.0098,0.0049,0.1171,0.3512,0.4683,0.0537,0.0,0.0,0.0766,0.0735,0.096,0.0056,0.0664,0.0,0.0099,0.0169,0.2439,0.161,0.0056,0.0,0.0028,0.0488,0.0,0.0049,0.0439,0.0537,0.0537,0.0195,0.0341,0.0341,0.2537,0.0466,0.3211,0.0692,0.0028,0.024,0.0056,0.0791,0.1031,0.0085,0.0226,0.0071,0.0653,0.0226,0.0071,0.0341,0.0683,0.0683,0.0488,0.0,0.1415,0.0293,0.0028,0.1122,0.0042,0.0353,0.0249,0.0177,0.0,0.0,0.0014,0.039,0.2293,0.0,0.0244,0.0195,0.0195,0.0293,0.0049,0.0146,0.0537,0.0976,0.0,0.0,0.0023,0.0049,0.0098,0.0146,0.0244,0.0,0.0,0.0005,0.0,0.0018,0.0,0.0146,0.0,0.0146,0.0145,0.1854,0.122,0.0732,0.6293,0.1415,0.1366,0.0049,0.0,0.0049,0.1463,0.0005,0.0395,0.0095,0.0,0.0,0.0014,0.0073,0.0634,0.0014,0.0,0.0,0.0049,0.0341,0.0,0.0049,0.0005,0.0023,0.0218,0.3941,0.0005,0.0,0.0,0.0,0.0,0.0,0.0,0.0,0.0,0.0,0.0,0.0,0.0,0.0,0.0,0.0,0.0,0.0,0.0
USA-CMT116.txt,2108,4.5512,0.5625,0.4592,564,226,0.0,0.2743,0.0005,0.0177,0.208,0.0265,0.4204,0.009,0.1327,0.0044,0.031,0.1283,0.0442,0.0128,0.0024,0.0973,0.2748,0.0044,0.0062,0.0088,0.0221,0.0575,0.0531,0.1106,0.0664,0.0005,0.0,0.1224,0.1134,0.1826,0.0,0.1348,0.0089,0.0089,0.0124,0.1903,0.1504,0.0195,0.0089,0.0071,0.0177,0.0088,0.0044,0.0531,0.031,0.0796,0.0177,0.0619,0.0044,0.2301,0.0745,0.2676,0.0957,0.0142,0.0266,0.0124,0.0496,0.3493,0.0337,0.0177,0.0035,0.0664,0.0408,0.0337,0.0088,0.115,0.1239,0.0442,0.0088,0.0973,0.031,0.0319,0.0575,0.0195,0.0514,0.0218,0.019,0.0,0.0442,0.0019,0.0442,0.0885,0.0044,0.031,0.0221,0.0221,0.0664,0.0487,0.0265,0.1283,0.2611,0.0044,0.0044,0.0014,0.0,0.0,0.0088,0.0088,0.0,0.0,0.0,0.0035,0.0038,0.0009,0.0177,0.0,0.0265,0.0005,0.2434,0.1239,0.0796,0.5841,0.146,0.1416,0.0044,0.0,0.0044,0.1327,0.0005,0.0005,0.0138,0.0,0.0,0.0053,0.0005,0.0487,0.0014,0.0,0.0088,0.0044,0.0088,0.0,0.0221,0.0028,0.0,0.0,0.0,0.0,0.0,0.0,0.0,0.0,0.0,0.0,0.0,0.0,0.0,0.0,0.0,0.0,0.0,0.0005,0.0,0.0,0.0,0.0
LK-TXM-144.txt,2912,4.4402,0.5875,0.5416,493,252,0.0,0.2778,0.0003,0.0238,0.2302,0.0238,0.1984,0.3231,0.0992,0.0119,0.0476,0.2738,0.0159,0.012,0.0124,0.0635,0.2495,0.0,0.0069,0.0119,0.0159,0.0992,0.3135,0.4127,0.0278,0.0014,0.0,0.0577,0.056,0.1298,0.002,0.0669,0.0122,0.0041,0.0243,0.1587,0.0913,0.0223,0.0061,0.0223,0.0278,0.0198,0.0119,0.0238,0.0595,0.119,0.0317,0.0675,0.0159,0.1984,0.0892,0.1693,0.0953,0.0081,0.0142,0.0,0.0385,0.2353,0.0081,0.0406,0.0081,0.0742,0.0061,0.0081,0.0397,0.0397,0.0437,0.0516,0.004,0.1587,0.0159,0.002,0.0873,0.002,0.0467,0.0185,0.0144,0.0003,0.0437,0.0003,0.0397,0.2341,0.0,0.0397,0.004,0.004,0.0238,0.0198,0.0595,0.0516,0.0675,0.0,0.0,0.0003,0.0,0.004,0.0,0.004,0.0,0.0,0.0,0.0,0.001,0.0,0.0079,0.0,0.0119,0.0,0.2143,0.0913,0.0159,0.5794,0.0992,0.0952,0.004,0.0,0.004,0.1151,0.0,0.0203,0.0117,0.0198,0.0061,0.0,0.0034,0.0238,0.0,0.0,0.004,0.0,0.0238,0.0,0.004,0.0048,0.0,0.0,0.002,0.0,0.0,0.0,0.0,0.004,0.0,0.0,0.0,0.0,0.0,0.0,0.0,0.0,0.0,0.0,0.0,0.0,0.0,0.0
UK-WBF388.txt,2263,4.2771,0.5575,0.4839,530,246,0.0,0.3821,0.004,0.0163,0.2317,0.0122,0.3211,0.0393,0.0488,0.0163,0.0569,0.1463,0.0081,0.0124,0.0062,0.0528,0.2811,0.0285,0.0124,0.0081,0.0366,0.0081,0.4187,0.4268,0.0447,0.0049,0.0,0.1198,0.1083,0.1623,0.0132,0.0943,0.0226,0.0057,0.0302,0.248,0.1707,0.0132,0.0057,0.0075,0.0244,0.0122,0.0041,0.0366,0.0407,0.1057,0.0407,0.0528,0.0163,0.1585,0.1245,0.2342,0.0962,0.017,0.0679,0.0019,0.0283,0.2226,0.0038,0.017,0.0151,0.0901,0.0038,0.0075,0.0203,0.0285,0.0366,0.0488,0.0081,0.1748,0.0285,0.0038,0.0691,0.0075,0.0717,0.034,0.0247,0.0013,0.065,0.0018,0.0569,0.0854,0.0081,0.0203,0.0203,0.0203,0.0203,0.0163,0.0447,0.0732,0.0244,0.0,0.0,0.0004,0.0,0.0,0.0041,0.0041,0.0009,0.0004,0.0022,0.0019,0.0075,0.0004,0.0325,0.0122,0.0447,0.0031,0.1138,0.1301,0.0488,0.6789,0.1016,0.0935,0.0081,0.0,0.0081,0.1098,0.0009,0.0,0.0031,0.0122,0.017,0.0,0.0031,0.0203,0.0004,0.0009,0.0,0.0081,0.0366,0.0,0.0041,0.0022,0.0,0.0,0.0,0.0,0.0,0.0,0.0,0.0,0.0,0.0,0.0,0.0,0.0,0.0,0.0,0.0,0.0,0.0,0.0,0.0,0.0,0.0
LK-WBF062.txt,2238,4.3391,0.5075,0.4643,558,259,0.0,0.2819,0.0098,0.0232,0.2432,0.0541,0.2432,0.0308,0.1158,0.0,0.0849,0.0772,0.0193,0.0147,0.0022,0.0618,0.1882,0.0116,0.0067,0.0154,0.0232,0.2973,0.3629,0.6602,0.0232,0.0,0.0,0.1037,0.0916,0.1452,0.0036,0.0968,0.0054,0.0125,0.0179,0.1429,0.1081,0.009,0.0054,0.0054,0.0888,0.0039,0.0193,0.0502,0.112,0.0541,0.0154,0.0386,0.0116,0.278,0.0878,0.2493,0.1989,0.0251,0.0305,0.009,0.0699,0.1828,0.0125,0.0448,0.0036,0.0639,0.0394,0.0305,0.0579,0.027,0.0309,0.0116,0.0039,0.1274,0.0386,0.0108,0.0347,0.0161,0.0556,0.0188,0.0147,0.0,0.0077,0.0009,0.027,0.2973,0.0,0.0309,0.0154,0.0154,0.0347,0.0154,0.0425,0.0425,0.027,0.0039,0.0039,0.0022,0.0,0.0039,0.0077,0.0154,0.0,0.0,0.0013,0.0018,0.0085,0.0004,0.0425,0.0,0.0579,0.0,0.0734,0.1274,0.0077,0.6641,0.1506,0.1351,0.0116,0.0039,0.0154,0.0888,0.0009,0.0004,0.0116,0.0,0.0,0.0018,0.0054,0.0386,0.0009,0.0009,0.0039,0.0039,0.0463,0.0004,0.0193,0.0049,0.0,0.0,0.0,0.0,0.0039,0.0,0.0,0.0,0.0,0.0,0.0,0.0116,0.0,0.0,0.0,0.0,0.0,0.0,0.0,0.0,0.0,0.0
BD-WBF019.txt,2132,5.2936,0.54,0.5769,746,188,0.0106,0.2447,0.0042,0.0213,0.1809,0.016,0.3936,0.0385,0.2979,0.0053,0.0,0.016,0.0053,0.0056,0.0,0.0053,0.244,0.0,0.0014,0.0106,0.0426,0.1223,0.0319,0.1543,0.0106,0.0005,0.0053,0.1384,0.1318,0.2011,0.0,0.1622,0.0054,0.0027,0.0054,0.1277,0.1117,0.0174,0.0027,0.004,0.0106,0.0053,0.0,0.0106,0.016,0.0798,0.0213,0.0532,0.0053,0.1649,0.0804,0.3499,0.1059,0.0067,0.0067,0.0201,0.0429,0.4357,0.0456,0.0174,0.0027,0.0619,0.0536,0.0054,0.1011,0.0372,0.0372,0.0691,0.0,0.1489,0.0053,0.0201,0.0798,0.004,0.0268,0.0155,0.0141,0.0,0.016,0.0005,0.0585,0.016,0.0,0.1011,0.0053,0.0053,0.0372,0.0266,0.0532,0.0479,0.1649,0.0,0.0053,0.0009,0.0,0.0,0.0053,0.0053,0.0014,0.0005,0.0023,0.0013,0.0052,0.0005,0.0266,0.0,0.0266,0.0014,0.3883,0.2128,0.1064,0.5106,0.0638,0.0585,0.0053,0.0,0.0053,0.0053,0.0005,0.0005,0.0005,0.0053,0.0027,0.0067,0.0009,0.0106,0.0005,0.0005,0.0,0.0053,0.0,0.0,0.0,0.0,0.0,0.0,0.0,0.0,0.0,0.0,0.0,0.0,0.0,0.0,0.0,0.0,0.0,0.0,0.0,0.0,0.0,0.0,0.0053,0.0,0.0,0.0
PK-WBF367.txt,2136,4.5117,0.5125,0.486,572,215,0.0,0.2465,0.0023,0.0186,0.2465,0.0326,0.4047,0.0398,0.107,0.0093,0.0372,0.0186,0.014,0.014,0.0019,0.0233,0.2465,0.014,0.0037,0.0372,0.0465,0.0977,0.0419,0.1395,0.0233,0.0009,0.0,0.1479,0.1437,0.1766,0.0,0.1416,0.0052,0.014,0.0052,0.1767,0.1256,0.0227,0.0052,0.007,0.0186,0.0047,0.0047,0.0512,0.0279,0.0977,0.0279,0.0698,0.0047,0.1116,0.0962,0.2678,0.1084,0.0087,0.0507,0.0175,0.042,0.1853,0.028,0.0245,0.0192,0.0993,0.0332,0.0122,0.0465,0.1302,0.1349,0.0791,0.0047,0.1442,0.0512,0.0105,0.0372,0.0052,0.0524,0.0206,0.0187,0.0,0.0372,0.0,0.0605,0.1163,0.0047,0.0186,0.0,0.0,0.0651,0.0512,0.0744,0.0884,0.014,0.0,0.0,0.0014,0.0,0.014,0.0093,0.014,0.0,0.0,0.0009,0.0,0.0019,0.0,0.0,0.0,0.0093,0.0009,0.2,0.1488,0.0884,0.6186,0.1767,0.1674,0.0047,0.0,0.0093,0.0884,0.0009,0.0,0.0019,0.0,0.0,0.0,0.0,0.014,0.0,0.0005,0.0093,0.0,0.0047,0.0005,0.0093,0.0005,0.0,0.0,0.0,0.0,0.0,0.0,0.0093,0.0,0.0047,0.0,0.0,0.0,0.0,0.0,0.0,0.0,0.0,0.0,0.0,0.0,0.0,0.0
LK-TXM-031.txt,2546,4.5012,0.515,0.5479,562,224,0.0045,0.2277,0.0051,0.0357,0.1473,0.0357,0.3929,0.1677,0.1607,0.0045,0.0134,0.0179,0.0223,0.0149,0.0047,0.0357,0.2438,0.0045,0.0067,0.0312,0.0223,0.0938,0.1786,0.2723,0.0446,0.0,0.0,0.0982,0.0927,0.1762,0.0089,0.1157,0.0071,0.0071,0.0552,0.1786,0.0893,0.0053,0.0053,0.0107,0.0268,0.0,0.0179,0.0357,0.0446,0.0491,0.0089,0.0402,0.0089,0.2277,0.0765,0.2207,0.0872,0.0089,0.0445,0.0071,0.0854,0.1957,0.0036,0.0427,0.0249,0.0813,0.0178,0.0214,0.0536,0.0893,0.0938,0.0625,0.0045,0.1696,0.0179,0.0178,0.0179,0.0125,0.0587,0.0157,0.0118,0.0,0.0402,0.0,0.0312,0.2857,0.0,0.0223,0.0312,0.0268,0.067,0.0268,0.0491,0.0536,0.0536,0.0,0.0045,0.0027,0.0,0.0,0.0223,0.0223,0.0,0.0012,0.0012,0.0,0.0027,0.0004,0.0134,0.0,0.0179,0.0,0.2366,0.2277,0.0312,0.625,0.1652,0.1562,0.0045,0.0,0.0089,0.0982,0.0,0.0236,0.0067,0.0,0.0018,0.0,0.013,0.0268,0.0,0.0,0.0045,0.0179,0.0089,0.0,0.0089,0.0,0.0,0.0,0.0,0.0,0.0,0.0,0.0045,0.0,0.0,0.0018,0.0018,0.0,0.0,0.0,0.0,0.0,0.0,0.0,0.0,0.0045,0.0,0.0
IN-TWT288.txt,2392,5.6911,0.5925,0.5669,778,221,0.0,0.3213,0.0025,0.009,0.2036,0.0543,0.3348,0.005,0.1538,0.0,0.0362,0.009,0.0045,0.0247,0.0042,0.0136,0.0771,0.0,0.0059,0.0181,0.009,0.1855,0.1403,0.3258,0.0226,0.0008,0.0,0.1012,0.0991,0.0925,0.0051,0.0668,0.0039,0.0051,0.009,0.2172,0.1765,0.0103,0.0026,0.0013,0.0769,0.009,0.0045,0.0905,0.0905,0.0588,0.0045,0.0543,0.0633,0.2172,0.0733,0.3253,0.072,0.0013,0.0219,0.0013,0.0347,0.1851,0.0141,0.0219,0.0064,0.0686,0.0206,0.0116,0.009,0.0543,0.0543,0.0588,0.0,0.0905,0.0543,0.0026,0.0769,0.0013,0.0386,0.0284,0.0234,0.0,0.0136,0.0008,0.0317,0.0814,0.0,0.0362,0.0,0.0,0.0317,0.009,0.0633,0.181,0.0271,0.0,0.0,0.0017,0.0045,0.009,0.0,0.0181,0.0,0.0,0.0,0.0,0.0013,0.0,0.0136,0.0,0.0136,0.028,0.0905,0.1086,0.0498,0.6335,0.1719,0.1584,0.009,0.0045,0.0136,0.1041,0.0004,0.0,0.0184,0.0,0.0013,0.0013,0.0008,0.0724,0.0008,0.0,0.0,0.0,0.0362,0.0,0.1041,0.0042,0.0029,0.0025,0.3496,0.0,0.0045,0.0,0.0,0.0,0.0,0.0,0.0,0.0,0.0,0.0,0.0,0.0,0.0,0.0,0.0,0.0,0.0008,0.0
PK-CMT411.txt,2097,4.5794,0.56,0.4964,575,250,0.008,0.324,0.0029,0.048,0.196,0.04,0.256,0.0129,0.076,0.004,0.06,0.024,0.02,0.0148,0.0057,0.024,0.193,0.0,0.0043,0.024,0.032,0.116,0.02,0.136,0.036,0.0005,0.0,0.1149,0.1116,0.1739,0.0035,0.1148,0.0087,0.0104,0.0157,0.156,0.12,0.0296,0.007,0.0017,0.032,0.004,0.004,0.044,0.04,0.144,0.012,0.124,0.008,0.184,0.0591,0.2742,0.113,0.007,0.0157,0.0243,0.0522,0.3165,0.0261,0.0348,0.0087,0.0753,0.04,0.0209,0.02,0.068,0.068,0.072,0.0,0.1,0.028,0.0087,0.084,0.007,0.0626,0.0267,0.0253,0.0,0.056,0.0005,0.028,0.12,0.004,0.024,0.008,0.008,0.02,0.012,0.064,0.108,0.052,0.0,0.004,0.001,0.0,0.0,0.004,0.004,0.0,0.0,0.0,0.0,0.0005,0.0,0.004,0.0,0.004,0.0,0.108,0.144,0.064,0.64,0.164,0.148,0.012,0.0,0.016,0.088,0.0005,0.0,0.0029,0.008,0.0017,0.0017,0.0019,0.068,0.0005,0.0,0.0,0.008,0.032,0.0,0.06,0.0048,0.0,0.0,0.0087,0.0,0.0,0.0,0.004,0.0,0.0,0.0,0.0,0.0,0.0,0.0,0.0,0.004,0.0,0.0,0.0,0.0,0.0,0.0
LK-TWT089.txt,2114,4.2299,0.515,0.4153,400,261,0.0,0.3295,0.0057,0.0345,0.2184,0.0153,0.2375,0.0038,0.0766,0.0077,0.0345,0.0766,0.0192,0.0104,0.0033,0.0307,0.435,0.0,0.0123,0.0345,0.0536,0.092,0.2835,0.3755,0.0651,0.0,0.0,0.1116,0.106,0.1925,0.005,0.135,0.015,0.01,0.015,0.2107,0.1916,0.01,0.01,0.0075,0.0383,0.0077,0.0115,0.0345,0.0575,0.0613,0.0153,0.046,0.0038,0.2682,0.02,0.1892,0.085,0.0225,0.0725,0.005,0.075,0.04,0.025,0.0775,0.03,0.0804,0.0275,0.0375,0.023,0.1111,0.1149,0.0613,0.0038,0.1111,0.0077,0.015,0.0307,0.005,0.0825,0.0284,0.0237,0.0,0.0575,0.0,0.0268,0.2375,0.0038,0.0115,0.0536,0.0536,0.0383,0.0268,0.0307,0.0728,0.0383,0.0,0.0,0.0014,0.0038,0.0038,0.0038,0.0115,0.0,0.0,0.0009,0.0025,0.0033,0.0005,0.0115,0.0,0.0153,0.0028,0.1341,0.1418,0.0728,0.6973,0.2107,0.1916,0.0153,0.0,0.0192,0.1494,0.0,0.0047,0.0024,0.0,0.005,0.0025,0.0,0.0843,0.0,0.0005,0.0038,0.0077,0.0153,0.0005,0.0038,0.0033,0.0,0.0076,0.0575,0.0,0.0,0.0,0.0,0.0,0.0,0.0,0.0,0.0,0.0,0.0,0.0,0.0,0.0038,0.0,0.0,0.0,0.0,0.0
IN-TWT089.txt,2622,6.4874,0.61,0.6754,881,174,0.0,0.2299,0.0034,0.069,0.2931,0.0172,0.3621,0.0217,0.092,0.0057,0.0345,0.0517,0.0115,0.0027,0.005,0.0057,0.1271,0.0,0.0038,0.0,0.046,0.1724,0.1724,0.3448,0.069,0.0,0.0,0.0843,0.0816,0.1986,0.0329,0.0556,0.0011,0.0306,0.1067,0.454,0.2184,0.0079,0.0011,0.0034,0.0,0.0057,0.0172,0.0402,0.023,0.0287,0.0,0.023,0.0,0.2414,0.0636,0.336,0.0579,0.0045,0.0148,0.0057,0.0454,0.2554,0.0034,0.0772,0.0045,0.0564,0.025,0.0102,0.023,0.0402,0.0402,0.046,0.0,0.1092,0.046,0.0159,0.0345,0.0034,0.0431,0.0088,0.0072,0.0,0.0172,0.0008,0.0172,0.2989,0.0057,0.0057,0.0,0.0,0.0172,0.0172,0.0172,0.0345,0.0287,0.0,0.0,0.0,0.0,0.0,0.0,0.0,0.0,0.0,0.0004,0.0011,0.0015,0.0004,0.0115,0.0,0.0115,0.0671,0.046,0.1322,0.1149,0.7701,0.0632,0.0632,0.0,0.0,0.0,0.0402,0.0004,0.0767,0.005,0.0057,0.0,0.0,0.0099,0.0402,0.0008,0.0,0.0,0.0057,0.0977,0.0,0.0,0.0004,0.0023,0.0042,0.2418,0.0004,0.0,0.0,0.0,0.0,0.0,0.0,0.0,0.0,0.0,0.0,0.0,0.0,0.0,0.0,0.0,0.0,0.0,0.0
LK-CMT312.txt,2104,4.5846,0.6475,0.491,547,228,0.0,0.3333,0.0033,0.0482,0.2456,0.0175,0.2719,0.0105,0.0614,0.0044,0.0658,0.0658,0.0088,0.0204,0.0043,0.0482,0.2559,0.0175,0.0081,0.0132,0.0307,0.114,0.0439,0.1579,0.0307,0.0005,0.0,0.105,0.0979,0.2011,0.0037,0.1554,0.0037,0.0037,0.0165,0.2061,0.1579,0.0201,0.0037,0.0037,0.0132,0.0044,0.0263,0.0702,0.0439,0.1447,0.0132,0.1228,0.0132,0.1579,0.1005,0.26,0.0969,0.011,0.0439,0.0201,0.064,0.192,0.0585,0.0219,0.0055,0.0889,0.0329,0.011,0.0526,0.1096,0.1096,0.057,0.0,0.0789,0.0307,0.0037,0.0395,0.0091,0.0713,0.0204,0.019,0.0,0.0175,0.0005,0.0263,0.136,0.0088,0.0132,0.0219,0.0219,0.0307,0.0132,0.0439,0.2368,0.0439,0.0,0.0088,0.0014,0.0,0.0,0.0,0.0044,0.0,0.0005,0.0014,0.0,0.0029,0.0,0.0044,0.0,0.0132,0.0,0.1053,0.1711,0.1491,0.636,0.2061,0.1886,0.0175,0.0,0.0175,0.1579,0.0,0.0,0.0052,0.0088,0.0,0.0091,0.0029,0.0482,0.0005,0.0,0.0044,0.0088,0.0088,0.0,0.0351,0.0033,0.0,0.0,0.0,0.001,0.0044,0.0,0.0,0.0,0.0044,0.0,0.0,0.0,0.0,0.0,0.0044,0.0,0.0,0.0,0.0088,0.0,0.0,0.0
LK-WBS213.txt,2416,4.7595,0.525,0.4603,638,264,0.0,0.2689,0.0017,0.0189,0.2045,0.0152,0.2045,0.0257,0.0947,0.0114,0.0227,0.0,0.0076,0.0128,0.0008,0.0568,0.3903,0.0114,0.0012,0.0417,0.0303,0.1705,0.197,0.3674,0.0189,0.0008,0.0038,0.1378,0.1304,0.1865,0.0063,0.1489,0.0063,0.0016,0.0078,0.1023,0.0795,0.0141,0.0063,0.0063,0.0152,0.0265,0.0,0.0455,0.0417,0.0492,0.0303,0.0189,0.0114,0.1136,0.0533,0.2641,0.1395,0.011,0.0157,0.0361,0.0533,0.2273,0.047,0.0455,0.0031,0.0675,0.0909,0.0204,0.0152,0.1326,0.1364,0.0795,0.0038,0.1023,0.0265,0.0078,0.0076,0.0172,0.0611,0.0199,0.0186,0.0,0.0152,0.0,0.0492,0.1288,0.0038,0.0152,0.0455,0.0455,0.0644,0.0417,0.0417,0.0644,0.053,0.0,0.0,0.0025,0.0076,0.0114,0.0038,0.0227,0.0,0.0,0.0017,0.0016,0.0025,0.0004,0.0038,0.0,0.0038,0.0,0.3561,0.1364,0.0568,0.5038,0.1553,0.1553,0.0,0.0,0.0,0.0682,0.0008,0.0,0.0004,0.0,0.0,0.0047,0.0,0.0189,0.0,0.0012,0.0,0.0038,0.0038,0.0004,0.0076,0.0008,0.0,0.0,0.0,0.0,0.0,0.0,0.0,0.0,0.0,0.0,0.0,0.0,0.0,0.0,0.0,0.0,0.0,0.0,0.0,0.0,0.0,0.0
PK-TXM-035.txt,2636,3.9351,0.49,0.5368,651,226,0.0,0.4602,0.0004,0.0531,0.1593,0.0221,0.4425,0.1438,0.0841,0.0,0.0398,0.2035,0.0177,0.0102,0.0099,0.0221,0.0814,0.0,0.0072,0.0044,0.0177,0.0708,0.4425,0.5133,0.0398,0.0004,0.0,0.0956,0.0888,0.1152,0.0031,0.0891,0.0092,0.0031,0.0092,0.2124,0.1504,0.0061,0.0077,0.0123,0.0575,0.0,0.0,0.0398,0.0575,0.177,0.0088,0.146,0.0177,0.177,0.0968,0.247,0.0753,0.0169,0.0461,0.0061,0.063,0.1167,0.0108,0.0338,0.0092,0.1244,0.0154,0.0046,0.0265,0.0177,0.0265,0.0177,0.0088,0.1195,0.0088,0.0092,0.0752,0.0046,0.0507,0.0205,0.0156,0.0,0.0265,0.0004,0.0354,0.1991,0.0044,0.0265,0.0088,0.0088,0.0221,0.0177,0.1504,0.0177,0.2212,0.0,0.0,0.0004,0.0,0.0,0.0,0.0044,0.0,0.0004,0.0019,0.0015,0.0046,0.0004,0.0088,0.0,0.0265,0.0,0.2124,0.0752,0.0354,0.5221,0.1504,0.1327,0.0133,0.0,0.0177,0.0708,0.0,0.0049,0.0057,0.0221,0.0015,0.0015,0.0015,0.031,0.0004,0.0011,0.0088,0.0044,0.0133,0.0004,0.0177,0.0008,0.0,0.0,0.0,0.0,0.0044,0.0,0.0044,0.0,0.0044,0.0,0.0,0.0088,0.0,0.0,0.0,0.0,0.0,0.0,0.0,0.0,0.0,0.0
BD-TWT425.txt,2231,4.9265,0.625,0.5796,689,216,0.0046,0.3287,0.0036,0.0231,0.25,0.0231,0.2037,0.0202,0.0556,0.0093,0.0185,0.1528,0.0093,0.0112,0.0036,0.0231,0.1205,0.0,0.0152,0.0,0.0278,0.0741,0.3565,0.4306,0.0556,0.0004,0.0,0.0986,0.0955,0.1219,0.0058,0.0697,0.0073,0.0058,0.0334,0.3056,0.213,0.0058,0.0073,0.0102,0.0417,0.0139,0.0,0.0324,0.0556,0.1157,0.0,0.1157,0.0185,0.3241,0.0842,0.3088,0.0435,0.0044,0.0261,0.0015,0.0334,0.2932,0.0073,0.0435,0.0087,0.0861,0.0131,0.0029,0.0278,0.0139,0.0139,0.0324,0.0,0.1111,0.0602,0.0015,0.0556,0.0044,0.0348,0.022,0.0152,0.0,0.037,0.0,0.0278,0.2639,0.0,0.0463,0.0093,0.0093,0.0278,0.0139,0.1065,0.0556,0.0741,0.0,0.0,0.0013,0.0,0.0046,0.0093,0.0139,0.0,0.0,0.0004,0.0,0.0013,0.0,0.0,0.0,0.0093,0.0139,0.1574,0.1481,0.0463,0.6157,0.1065,0.0926,0.0139,0.0,0.0139,0.1065,0.0,0.004,0.0072,0.0,0.0,0.0015,0.0076,0.0278,0.0,0.0,0.0093,0.0046,0.0231,0.0,0.0417,0.0022,0.0013,0.0336,0.1538,0.0004,0.0,0.0,0.0,0.0,0.0,0.0,0.0,0.0,0.0046,0.0,0.0,0.0,0.0,0.0,0.0,0.0,0.0,0.0
IN-TXM-030.txt,2281,4.3222,0.57,0.4594,414,253,0.004,0.2688,0.0053,0.0316,0.2332,0.0198,0.3557,0.0964,0.0672,0.004,0.0395,0.1225,0.0356,0.0171,0.0048,0.0316,0.256,0.0198,0.0136,0.0316,0.0277,0.1818,0.2688,0.4506,0.0316,0.0018,0.0,0.1026,0.096,0.2005,0.0072,0.1401,0.0048,0.0266,0.0507,0.2846,0.1621,0.0145,0.0048,0.0145,0.0316,0.0158,0.0198,0.0356,0.0672,0.0632,0.0119,0.0514,0.0079,0.2609,0.0725,0.1815,0.1522,0.0386,0.0169,0.0072,0.0459,0.1498,0.0145,0.0338,0.0097,0.0631,0.087,0.0072,0.0198,0.0514,0.0514,0.0395,0.0,0.1897,0.0435,0.0048,0.0356,0.0072,0.0918,0.0289,0.0202,0.0,0.0237,0.0009,0.0356,0.1621,0.004,0.0277,0.0198,0.0198,0.0316,0.0158,0.0751,0.1107,0.0198,0.0,0.0,0.0013,0.004,0.0,0.0079,0.0119,0.0,0.0,0.0,0.0,0.0035,0.0,0.0119,0.0,0.0316,0.0,0.1265,0.1146,0.0474,0.6957,0.1542,0.1502,0.004,0.0,0.004,0.1225,0.0004,0.0039,0.0105,0.0,0.0,0.0072,0.0044,0.087,0.0009,0.0,0.0198,0.0277,0.0119,0.0,0.0,0.0009,0.0,0.0,0.0097,0.0,0.0,0.0,0.0,0.0,0.0,0.0,0.0,0.0,0.0,0.0,0.0,0.0,0.0,0.0,0.0,0.0,0.0,0.0
PK-WBF185.txt,2094,4.2254,0.6225,0.4804,574,249,0.0,0.2851,0.0014,0.0281,0.1687,0.0201,0.3052,0.0291,0.0683,0.0,0.0522,0.0321,0.012,0.0096,0.0043,0.0402,0.1934,0.012,0.0048,0.0201,0.0241,0.0442,0.1205,0.1647,0.0161,0.0005,0.0,0.1261,0.1213,0.1359,0.0,0.0976,0.0174,0.007,0.007,0.1406,0.1165,0.0139,0.0174,0.0017,0.0241,0.004,0.008,0.0643,0.0361,0.0643,0.0321,0.0321,0.0402,0.1888,0.0976,0.2741,0.0679,0.0139,0.0732,0.0017,0.0105,0.3206,0.0035,0.0331,0.0052,0.096,0.0105,0.0157,0.0161,0.0723,0.0763,0.0602,0.004,0.1606,0.0161,0.0052,0.0361,0.0035,0.0697,0.0392,0.0349,0.0,0.0201,0.0005,0.0281,0.0964,0.004,0.0321,0.008,0.008,0.0442,0.0361,0.0522,0.1285,0.0402,0.0,0.0,0.001,0.004,0.004,0.0,0.008,0.0,0.0,0.0,0.0017,0.0029,0.0005,0.008,0.008,0.0201,0.0005,0.3614,0.0763,0.0643,0.4699,0.1888,0.1888,0.0,0.0,0.0,0.0964,0.0005,0.0,0.0033,0.0,0.0,0.0,0.0,0.0241,0.0005,0.0,0.004,0.004,0.004,0.0,0.008,0.001,0.0,0.0,0.0,0.0,0.0,0.0,0.0,0.0,0.0,0.0,0.0,0.0,0.0,0.0,0.0,0.0,0.0,0.0,0.0,0.0,0.0,0.0
UK-WBS077.txt,2233,4.6171,0.445,0.5522,713,214,0.0047,0.4486,0.0018,0.0374,0.1636,0.028,0.4112,0.0215,0.0748,0.0047,0.0187,0.0,0.0093,0.0063,0.0013,0.014,0.2132,0.0047,0.0036,0.028,0.0234,0.0748,0.0187,0.0935,0.028,0.0009,0.014,0.1146,0.112,0.1459,0.0,0.115,0.007,0.0028,0.0098,0.1916,0.1729,0.007,0.007,0.0098,0.028,0.0093,0.0187,0.0514,0.0561,0.0187,0.0,0.014,0.0234,0.2944,0.1599,0.3193,0.0477,0.0098,0.0701,0.0014,0.0505,0.2665,0.0084,0.0238,0.0028,0.1106,0.0098,0.0028,0.028,0.0794,0.0841,0.0841,0.0047,0.1075,0.1262,0.0042,0.0701,0.0014,0.1094,0.0179,0.0157,0.0,0.0654,0.0009,0.0514,0.2336,0.0,0.0047,0.0561,0.0561,0.0467,0.028,0.0467,0.0607,0.0,0.0047,0.0047,0.0018,0.0,0.0047,0.0093,0.014,0.0,0.0,0.0009,0.0,0.0013,0.0,0.0047,0.0,0.0047,0.0004,0.0514,0.3271,0.0935,0.6402,0.1495,0.1355,0.014,0.0,0.014,0.0234,0.0,0.004,0.0,0.0047,0.0,0.0,0.0,0.0093,0.0009,0.0004,0.0,0.0234,0.1869,0.0,0.0047,0.0013,0.0,0.0,0.0,0.0004,0.0047,0.0,0.0,0.0,0.0,0.0,0.0,0.0,0.0,0.0,0.0,0.0,0.0,0.0,0.0,0.0,0.0,0.0
USA-TWT247.txt,2403,4.5352,0.625,0.4965,666,307,0.0,0.1987,0.0008,0.0456,0.2345,0.0033,0.1173,0.0121,0.0749,0.0065,0.013,0.0,0.0033,0.0191,0.0187,0.0782,0.1817,0.0033,0.0096,0.0065,0.0293,0.0423,0.3811,0.4235,0.0163,0.0017,0.0033,0.097,0.0936,0.0991,0.0015,0.0571,0.015,0.0075,0.024,0.1629,0.1173,0.0015,0.0045,0.0075,0.0163,0.0,0.0098,0.0358,0.0261,0.0391,0.0228,0.0163,0.0195,0.2606,0.0661,0.2772,0.0315,0.0015,0.03,0.006,0.036,0.4144,0.006,0.024,0.0075,0.0587,0.0075,0.0075,0.0326,0.0358,0.0358,0.0423,0.0,0.127,0.0489,0.0165,0.0879,0.0,0.045,0.0391,0.035,0.0,0.0554,0.0,0.0782,0.0814,0.0033,0.0326,0.0326,0.0326,0.0261,0.0163,0.0651,0.101,0.1466,0.0,0.0033,0.0012,0.0,0.0033,0.0033,0.0065,0.0,0.0008,0.0017,0.0,0.0025,0.0,0.0065,0.0,0.0065,0.0108,0.3127,0.0782,0.013,0.57,0.1075,0.0879,0.0195,0.0,0.0195,0.0358,0.0004,0.0025,0.0054,0.0,0.0105,0.0015,0.0025,0.0195,0.0,0.0,0.0,0.0033,0.0163,0.0,0.0261,0.0025,0.0004,0.0033,0.1471,0.0008,0.0,0.0,0.0,0.0,0.0,0.0,0.0,0.0,0.0,0.0,0.0,0.0,0.0,0.0,0.0033,0.0,0.0,0.0
IN-WBF280.txt,2065,4.1724,0.6,0.4877,556,222,0.009,0.2297,0.0034,0.0315,0.2027,0.027,0.2703,0.0271,0.1396,0.0135,0.0586,0.0721,0.018,0.0126,0.0082,0.0315,0.1475,0.0045,0.0077,0.018,0.0225,0.036,0.2883,0.3243,0.018,0.0005,0.0,0.1259,0.1157,0.1007,0.0,0.0665,0.0108,0.0108,0.0126,0.1802,0.1396,0.0054,0.0072,0.0054,0.0901,0.0045,0.009,0.0315,0.1036,0.0946,0.0135,0.0721,0.0405,0.2117,0.1295,0.2692,0.054,0.0054,0.027,0.0,0.0486,0.3435,0.0306,0.0342,0.0252,0.0702,0.0162,0.0018,0.018,0.036,0.0541,0.027,0.018,0.1396,0.0586,0.0018,0.0541,0.0036,0.0647,0.0305,0.0257,0.0,0.0495,0.0005,0.0676,0.1351,0.0225,0.036,0.0135,0.0135,0.0135,0.009,0.0766,0.1171,0.1261,0.0,0.0,0.0005,0.0045,0.0,0.0,0.0045,0.0,0.001,0.0029,0.0,0.0053,0.0,0.009,0.0,0.0225,0.0,0.2072,0.1261,0.0811,0.5495,0.1351,0.1216,0.009,0.0,0.0135,0.1081,0.001,0.0005,0.0092,0.009,0.0036,0.0,0.0058,0.0811,0.0005,0.0019,0.009,0.0,0.0225,0.0,0.0135,0.0024,0.0,0.0,0.018,0.0,0.0,0.0,0.0045,0.0,0.0,0.0,0.0,0.0045,0.0,0.0,0.0,0.0,0.0,0.0,0.0,0.0,0.0,0.0
USA-CMT121.txt,2178,4.3508,0.5425,0.4541,540,253,0.004,0.1976,0.0018,0.0237,0.2134,0.0395,0.3518,0.0174,0.0949,0.0119,0.0435,0.0909,0.0198,0.0129,0.0055,0.0632,0.2759,0.0,0.0087,0.0198,0.0356,0.1028,0.1304,0.2332,0.0237,0.0014,0.0079,0.1171,0.112,0.1611,0.0,0.1185,0.0204,0.0111,0.0148,0.17,0.1265,0.0037,0.013,0.0037,0.0119,0.0119,0.0158,0.0198,0.0395,0.0672,0.0277,0.0316,0.004,0.2332,0.0426,0.2479,0.0852,0.0056,0.0315,0.0019,0.0333,0.3407,0.013,0.0519,0.0056,0.0785,0.063,0.0056,0.0237,0.0277,0.0356,0.0474,0.0079,0.0672,0.0316,0.0167,0.0791,0.0056,0.0667,0.0216,0.017,0.0,0.0553,0.0005,0.0356,0.0988,0.004,0.0237,0.0079,0.0079,0.0395,0.0119,0.0474,0.0593,0.3992,0.0,0.004,0.0032,0.004,0.004,0.0119,0.0237,0.0005,0.0,0.0005,0.0,0.0023,0.0,0.0,0.0079,0.0158,0.0009,0.332,0.1186,0.0198,0.5217,0.1146,0.1028,0.0119,0.0,0.0119,0.1462,0.0005,0.0,0.0087,0.0079,0.0074,0.0056,0.0018,0.0277,0.0005,0.0,0.0079,0.004,0.0277,0.0,0.0198,0.0023,0.0,0.0,0.0,0.0,0.004,0.0,0.0,0.0,0.0,0.0,0.0,0.0,0.0,0.0,0.0,0.0,0.0,0.0,0.0,0.004,0.0,0.0
BD-CMT178.txt,2068,4.7553,0.63,0.5087,587,186,0.0,0.2419,0.0044,0.0215,0.2688,0.0323,0.5108,0.0121,0.0484,0.0,0.043,0.0538,0.0108,0.016,0.0015,0.0484,0.2453,0.0161,0.0034,0.0108,0.0484,0.129,0.0161,0.1452,0.0376,0.0005,0.0,0.1243,0.1185,0.2385,0.0034,0.1925,0.0085,0.0034,0.0256,0.2527,0.172,0.0153,0.0068,0.0085,0.0215,0.0,0.0108,0.1344,0.0323,0.0968,0.0161,0.0753,0.0269,0.1559,0.0869,0.2838,0.1295,0.0017,0.0392,0.0256,0.1073,0.2044,0.0341,0.0307,0.0051,0.0759,0.046,0.0153,0.0538,0.1667,0.1667,0.0591,0.0,0.1559,0.0323,0.0085,0.0645,0.0119,0.0698,0.0174,0.016,0.0,0.043,0.0,0.0591,0.086,0.0108,0.0054,0.0161,0.0161,0.0376,0.0269,0.1022,0.1075,0.0323,0.0,0.0054,0.001,0.0,0.0054,0.0,0.0054,0.0,0.0,0.0,0.0017,0.0015,0.0005,0.0,0.0,0.0108,0.0,0.0806,0.1559,0.172,0.6452,0.1398,0.1344,0.0054,0.0,0.0054,0.1344,0.0005,0.0,0.0024,0.0054,0.0017,0.0051,0.0029,0.0215,0.0,0.0,0.0108,0.0054,0.0161,0.0,0.043,0.0005,0.0,0.0,0.0,0.0,0.0,0.0,0.0,0.0,0.0,0.0,0.0,0.0,0.0,0.0,0.0,0.0054,0.0,0.0,0.0,0.0,0.0,0.0
USA-WBS380.txt,2686,4.5458,0.5325,0.4587,712,286,0.0,0.2587,0.0056,0.0385,0.1503,0.014,0.4021,0.0112,0.1923,0.0105,0.0105,0.0,0.021,0.0067,0.003,0.014,0.3581,0.0035,0.0052,0.0385,0.042,0.0105,0.0769,0.0874,0.0315,0.0015,0.0,0.1389,0.1325,0.1517,0.0028,0.0997,0.0253,0.0042,0.007,0.1713,0.1224,0.0154,0.0084,0.0112,0.0035,0.014,0.0,0.0175,0.0175,0.021,0.021,0.0,0.0,0.1224,0.0702,0.2651,0.0576,0.0084,0.0843,0.0098,0.0927,0.3301,0.0267,0.0365,0.0154,0.0648,0.0197,0.0042,0.028,0.1364,0.1364,0.1224,0.0,0.0874,0.042,0.0295,0.028,0.007,0.0632,0.0257,0.0238,0.0,0.0594,0.0004,0.042,0.014,0.0,0.0035,0.0594,0.0594,0.0944,0.0524,0.0804,0.1014,0.3497,0.0,0.0,0.0045,0.0,0.0175,0.0105,0.042,0.0004,0.0004,0.0015,0.0,0.0045,0.0,0.0175,0.007,0.028,0.0,0.7692,0.1434,0.042,0.1713,0.1399,0.1364,0.0035,0.0,0.0035,0.0455,0.0,0.0004,0.0,0.0,0.0169,0.0014,0.0004,0.042,0.0004,0.0,0.0035,0.0035,0.0035,0.0007,0.007,0.0,0.0,0.0,0.0,0.0,0.014,0.0,0.0,0.0,0.0105,0.0,0.0,0.0,0.0,0.0,0.0,0.0,0.0,0.0,0.0,0.0,0.0,0.0
IN-CMT261.txt,2073,4.6324,0.5125,0.4911,579,187,0.0,0.2299,0.0068,0.0107,0.2139,0.0267,0.4706,0.0212,0.1016,0.0107,0.0214,0.0695,0.0321,0.0048,0.0053,0.0374,0.2055,0.0321,0.0063,0.016,0.0267,0.0428,0.1016,0.1444,0.0267,0.0024,0.0,0.1254,0.122,0.1589,0.0017,0.133,0.0017,0.0069,0.0138,0.2781,0.2406,0.0104,0.0017,0.0,0.0214,0.0053,0.0107,0.0374,0.0374,0.0749,0.016,0.0588,0.0,0.1979,0.0794,0.2793,0.0674,0.0086,0.0345,0.0173,0.0449,0.2694,0.0207,0.019,0.0052,0.0926,0.0674,0.0328,0.0588,0.0802,0.0963,0.0588,0.016,0.107,0.0321,0.0104,0.0695,0.0035,0.0829,0.0309,0.0275,0.0,0.0588,0.001,0.0267,0.2406,0.0,0.016,0.0267,0.0267,0.0267,0.0214,0.1123,0.0909,0.107,0.0,0.0053,0.0005,0.0,0.0,0.0,0.0,0.0,0.0005,0.0005,0.0,0.0024,0.0,0.0053,0.0,0.0214,0.0,0.1818,0.1658,0.1979,0.6471,0.2086,0.2032,0.0,0.0,0.0053,0.139,0.001,0.0014,0.0058,0.0,0.0,0.0035,0.0014,0.0374,0.001,0.0,0.0107,0.016,0.0214,0.0,0.0214,0.001,0.0,0.0,0.0,0.0,0.0,0.0,0.0053,0.0,0.0,0.0,0.0,0.0053,0.0,0.0,0.0,0.0053,0.0,0.0,0.0,0.0,0.0,0.0
UK-TWT288.txt,2558,4.6274,0.5475,0.4957,626,318,0.0,0.2579,0.0047,0.0126,0.2044,0.0252,0.1855,0.0117,0.1258,0.0063,0.0314,0.0,0.0063,0.0113,0.0098,0.0723,0.1789,0.0031,0.0168,0.0126,0.0252,0.0409,0.4497,0.4906,0.0503,0.0027,0.0031,0.0848,0.0817,0.1054,0.0096,0.0703,0.0128,0.0144,0.0144,0.2264,0.1509,0.0032,0.0112,0.0096,0.0189,0.0094,0.0126,0.044,0.0409,0.066,0.0126,0.0409,0.0472,0.2075,0.0735,0.2447,0.0511,0.0048,0.0479,0.008,0.0463,0.1534,0.0112,0.0288,0.016,0.0649,0.0064,0.016,0.0314,0.0503,0.0566,0.0409,0.0063,0.1195,0.0283,0.0032,0.0346,0.0016,0.0479,0.0352,0.027,0.0,0.044,0.0004,0.0912,0.217,0.0,0.0409,0.0283,0.0283,0.0157,0.0094,0.0755,0.0723,0.1101,0.0,0.0,0.0008,0.0,0.0031,0.0031,0.0063,0.0,0.0,0.0,0.0,0.0023,0.0,0.0126,0.0,0.0189,0.0149,0.239,0.0943,0.0189,0.6164,0.0723,0.0535,0.0126,0.0,0.0189,0.1164,0.0004,0.0215,0.0051,0.0126,0.0016,0.0,0.0039,0.0314,0.0004,0.0,0.0031,0.0063,0.0063,0.0,0.0126,0.0012,0.0,0.0023,0.2827,0.0,0.0,0.0,0.0063,0.0,0.0,0.0,0.0,0.0031,0.0,0.0,0.0,0.0,0.0,0.0,0.0,0.0,0.0,0.0
PK-CMT089.txt,2090,4.6766,0.6375,0.4923,604,208,0.0048,0.2548,0.0033,0.0288,0.2067,0.0144,0.4279,0.0091,0.1683,0.0048,0.0529,0.0288,0.0096,0.0134,0.0014,0.0337,0.2997,0.0144,0.0038,0.0144,0.0577,0.0721,0.0673,0.1394,0.0288,0.0005,0.0,0.1311,0.1258,0.1954,0.0,0.1424,0.0083,0.0033,0.0248,0.2067,0.1779,0.0149,0.0066,0.0083,0.0385,0.0144,0.0192,0.0433,0.0721,0.0433,0.0192,0.024,0.0192,0.1442,0.0414,0.289,0.1209,0.0099,0.0397,0.0166,0.0579,0.3212,0.0265,0.0132,0.0132,0.0651,0.0778,0.0149,0.0288,0.1587,0.1587,0.0385,0.0,0.0865,0.024,0.0099,0.0337,0.0099,0.0331,0.0206,0.0196,0.0,0.0337,0.0005,0.0288,0.0865,0.0,0.0096,0.0192,0.0192,0.0385,0.0337,0.0433,0.0913,0.1587,0.0,0.0,0.0005,0.0,0.0,0.0,0.0048,0.0,0.0,0.0,0.0,0.0024,0.0,0.0096,0.0048,0.024,0.0005,0.2356,0.1298,0.1298,0.5769,0.1683,0.1635,0.0048,0.0,0.0048,0.125,0.0,0.0,0.0024,0.0,0.0017,0.0033,0.0005,0.0192,0.0005,0.0,0.0096,0.0,0.0288,0.0,0.0096,0.0,0.0,0.0,0.0149,0.0,0.0048,0.0005,0.0,0.0,0.0,0.0,0.0,0.0,0.0,0.0,0.0,0.0,0.0,0.0,0.0,0.0,0.0,0.0
BD-TXM-051.txt,4224,3.6811,0.48,0.6536,1091,234,0.0043,0.4573,0.0007,0.0299,0.1581,0.0043,0.3034,0.2675,0.1068,0.0043,0.0299,0.1325,0.0085,0.0059,0.0059,0.0427,0.1063,0.0043,0.0012,0.0128,0.0128,0.1068,0.5556,0.6624,0.0299,0.0,0.0,0.0634,0.0589,0.0532,0.0,0.0376,0.0009,0.0046,0.0018,0.1453,0.1111,0.011,0.0009,0.0018,0.0427,0.0299,0.0085,0.0598,0.0812,0.0513,0.0128,0.0385,0.0256,0.2564,0.0788,0.2583,0.066,0.0027,0.0147,0.0055,0.0128,0.1155,0.033,0.0266,0.022,0.1544,0.0183,0.0027,0.0085,0.0684,0.0983,0.0684,0.0299,0.0855,0.0598,0.0073,0.1581,0.0027,0.0357,0.0088,0.0085,0.0,0.0128,0.0,0.047,0.2521,0.0043,0.0171,0.0085,0.0085,0.0171,0.0085,0.1667,0.0128,0.0726,0.0,0.0,0.0,0.0,0.0,0.0,0.0,0.0,0.0,0.0002,0.0,0.0031,0.0,0.0342,0.0,0.0513,0.0,0.1795,0.141,0.0385,0.594,0.0684,0.0598,0.0085,0.0,0.0085,0.1026,0.0,0.0059,0.0215,0.0,0.0,0.0009,0.0085,0.0085,0.0,0.0,0.0171,0.0,0.0342,0.0002,0.0256,0.0021,0.0,0.0,0.0,0.0,0.0,0.0,0.0,0.0043,0.0,0.0,0.0,0.0,0.0,0.0,0.0,0.0,0.0,0.0,0.0,0.0,0.0,0.0
IN-TXM-097.txt,3034,3.7241,0.4425,0.6137,774,174,0.0,0.3161,0.0007,0.0172,0.1437,0.023,0.2184,0.2294,0.1379,0.0115,0.1437,0.1897,0.023,0.0092,0.004,0.0862,0.1331,0.0115,0.0059,0.0115,0.0287,0.2126,0.092,0.3046,0.0172,0.001,0.0,0.0669,0.0613,0.1512,0.1008,0.0401,0.0,0.0078,0.0026,0.1552,0.0977,0.0078,0.0,0.0013,0.0632,0.0,0.0115,0.0575,0.0747,0.1149,0.0172,0.0977,0.0115,0.2989,0.0749,0.2551,0.0517,0.0013,0.0194,0.0065,0.0129,0.0762,0.0013,0.0413,0.0142,0.1697,0.0116,0.0129,0.0057,0.069,0.069,0.0575,0.0,0.1724,0.046,0.0026,0.046,0.0,0.0401,0.0086,0.0056,0.0003,0.0402,0.0003,0.0345,0.431,0.0,0.0345,0.0172,0.0172,0.0632,0.0345,0.0345,0.0517,0.0057,0.0,0.0,0.0003,0.0,0.0,0.0,0.0057,0.0,0.0,0.001,0.0,0.0056,0.0,0.0805,0.0,0.0805,0.0,0.0977,0.0632,0.0517,0.6322,0.1207,0.1034,0.0115,0.0,0.0172,0.1494,0.0007,0.0227,0.0073,0.0,0.0,0.0013,0.0046,0.0287,0.0,0.0,0.0,0.0115,0.023,0.001,0.0115,0.001,0.0,0.0007,0.0,0.0,0.0057,0.0,0.0057,0.0,0.0,0.0,0.0,0.0,0.0,0.0,0.0,0.0,0.0,0.0,0.0,0.0,0.0,0.0
BD-TXM-050.txt,3079,4.0146,0.44,0.5739,777,250,0.004,0.824,0.0013,0.048,0.1,0.02,0.18,0.2374,0.152,0.0,0.036,0.12,0.012,0.0026,0.0019,0.004,0.1454,0.0,0.0045,0.012,0.032,0.044,0.54,0.584,0.024,0.0003,0.0,0.0744,0.0679,0.0785,0.0,0.0476,0.0013,0.0026,0.0154,0.132,0.1,0.018,0.0013,0.0013,0.032,0.036,0.016,0.012,0.084,0.112,0.008,0.1,0.024,0.276,0.0978,0.2524,0.0695,0.0039,0.018,0.0039,0.0167,0.3501,0.0193,0.0489,0.0193,0.0783,0.0193,0.0296,0.004,0.084,0.088,0.204,0.004,0.064,0.044,0.0039,0.072,0.0232,0.0335,0.0136,0.0114,0.0,0.052,0.0006,0.044,0.292,0.008,0.036,0.0,0.0,0.004,0.0,0.096,0.052,0.028,0.0,0.0,0.0,0.0,0.0,0.0,0.0,0.0,0.0,0.0,0.0,0.0,0.0,0.0,0.0,0.0,0.0,0.096,0.056,0.528,0.636,0.012,0.012,0.0,0.0,0.0,0.052,0.0003,0.0039,0.0172,0.004,0.0,0.0,0.0104,0.016,0.0006,0.0,0.0,0.004,0.064,0.0,0.004,0.0039,0.0,0.0,0.0,0.0,0.0,0.0,0.0,0.0,0.0,0.0,0.0,0.0,0.0,0.0,0.0,0.0,0.0,0.0,0.0,0.0,0.0,0.0
UK-CMT312.txt,2187,4.4655,0.635,0.4787,551,218,0.0046,0.3532,0.0046,0.0229,0.1927,0.0505,0.3349,0.0224,0.1009,0.0138,0.0413,0.1101,0.0183,0.0192,0.0041,0.0138,0.2922,0.0183,0.0078,0.0138,0.0505,0.0367,0.1514,0.1881,0.0321,0.0014,0.0092,0.1125,0.107,0.2196,0.0036,0.1561,0.0127,0.0036,0.0073,0.2156,0.1651,0.0236,0.0127,0.0127,0.0183,0.0229,0.0046,0.0275,0.0459,0.1239,0.0505,0.0688,0.0138,0.133,0.1125,0.2519,0.1089,0.0073,0.0163,0.0272,0.0563,0.1416,0.0345,0.02,0.0018,0.1029,0.0508,0.0145,0.0275,0.0963,0.1009,0.0321,0.0046,0.1514,0.0505,0.0091,0.0505,0.0054,0.0762,0.0279,0.0256,0.0,0.0413,0.0005,0.0321,0.0688,0.0,0.0229,0.0413,0.0367,0.0734,0.0459,0.055,0.1284,0.0275,0.0,0.0,0.0027,0.0046,0.0,0.0092,0.0229,0.0,0.0005,0.0009,0.0018,0.0041,0.0009,0.0046,0.0138,0.0275,0.0,0.1743,0.1239,0.1881,0.6101,0.1881,0.1835,0.0,0.0,0.0046,0.1284,0.0018,0.0,0.0041,0.0046,0.0,0.0109,0.0005,0.0917,0.0005,0.0005,0.0092,0.0,0.0229,0.0,0.0046,0.0005,0.0,0.0,0.0,0.0,0.0092,0.0,0.0046,0.0046,0.0,0.0,0.0018,0.0,0.0,0.0,0.0,0.0,0.0,0.0,0.0,0.0,0.0,0.0018
IN-WBS072.txt,2792,5.567,0.54,0.6221,1050,193,0.0,0.342,0.0018,0.0155,0.1399,0.1865,0.4819,0.01,0.1244,0.0,0.0052,0.0,0.0,0.0061,0.0011,0.0207,0.2381,0.0052,0.0021,0.0311,0.0674,0.0,0.0,0.0,0.0363,0.0007,0.0,0.1289,0.1254,0.1952,0.0029,0.1619,0.0019,0.0067,0.001,0.2228,0.1865,0.02,0.0019,0.0019,0.0725,0.0,0.0207,0.1036,0.0933,0.0052,0.0,0.0052,0.0,0.1399,0.2114,0.3761,0.1324,0.0114,0.0181,0.0257,0.0505,0.1581,0.0219,0.0143,0.0676,0.0802,0.061,0.0171,0.0622,0.228,0.2383,0.1036,0.0104,0.1088,0.057,0.0114,0.1036,0.0038,0.0343,0.0104,0.01,0.0,0.0207,0.0,0.1036,0.0052,0.0,0.0052,0.057,0.057,0.0466,0.0259,0.0518,0.0881,0.0207,0.0,0.0,0.0014,0.0104,0.0052,0.0052,0.0207,0.0004,0.0007,0.0014,0.001,0.0021,0.0004,0.0,0.0052,0.0052,0.0,0.0933,0.4301,0.2642,0.6839,0.1192,0.1088,0.0104,0.0,0.0104,0.0,0.0004,0.0,0.0004,0.0,0.0,0.001,0.0,0.0155,0.0,0.0004,0.0,0.0052,0.0207,0.0,0.0,0.0,0.0,0.0,0.0,0.0,0.0,0.0,0.0,0.0,0.0,0.0,0.0,0.0,0.0,0.0,0.0,0.0,0.0,0.0,0.0,0.0,0.0,0.0
UK-WBF252.txt,2231,3.9839,0.4425,0.4478,498,274,0.0109,0.2591,0.0022,0.0292,0.135,0.0255,0.3577,0.0081,0.073,0.0182,0.0365,0.2226,0.0182,0.013,0.0054,0.0803,0.2711,0.0146,0.0193,0.0219,0.0365,0.073,0.4416,0.5146,0.0292,0.0022,0.0,0.1094,0.104,0.1506,0.002,0.0904,0.0141,0.002,0.0201,0.146,0.1204,0.0201,0.008,0.012,0.0511,0.0,0.0,0.0255,0.0511,0.0657,0.0255,0.0328,0.0219,0.1971,0.1365,0.2232,0.0763,0.002,0.0904,0.008,0.01,0.1325,0.0161,0.0321,0.002,0.1049,0.012,0.006,0.0219,0.0547,0.0657,0.073,0.0109,0.2044,0.0328,0.0,0.0328,0.0,0.0803,0.0345,0.0229,0.0,0.062,0.0009,0.0547,0.1825,0.0,0.0328,0.0365,0.0365,0.0109,0.0109,0.0328,0.0438,0.0,0.0,0.0,0.0,0.0,0.0,0.0,0.0,0.0,0.0,0.0,0.0,0.004,0.0,0.0182,0.0109,0.0328,0.0009,0.1606,0.073,0.0547,0.6788,0.0985,0.073,0.0182,0.0,0.0255,0.1496,0.0004,0.0027,0.0045,0.0073,0.006,0.0,0.0009,0.0365,0.0009,0.0,0.0036,0.0146,0.0255,0.0,0.0109,0.0018,0.0,0.0,0.002,0.0,0.0,0.0,0.0073,0.0,0.0,0.0,0.0,0.0,0.0,0.0,0.0,0.0,0.0,0.0,0.0,0.0,0.0,0.0
IN-WBS328.txt,2439,4.8266,0.51,0.5117,754,199,0.0,0.2462,0.0012,0.0101,0.2462,0.005,0.5729,0.0119,0.0603,0.005,0.0302,0.0,0.0101,0.0107,0.0012,0.0251,0.305,0.0,0.0094,0.0201,0.0452,0.0553,0.0,0.0553,0.0201,0.0,0.0,0.1431,0.1357,0.2493,0.0,0.2016,0.0133,0.0,0.008,0.1256,0.1206,0.0133,0.0119,0.0,0.1055,0.0,0.0503,0.0302,0.1558,0.0151,0.0,0.0151,0.0,0.206,0.0676,0.3091,0.0915,0.0106,0.0438,0.0186,0.0597,0.248,0.1008,0.0146,0.0066,0.0873,0.0517,0.004,0.0402,0.1206,0.1307,0.0603,0.0101,0.206,0.0101,0.0146,0.0,0.0053,0.0385,0.0185,0.0156,0.0004,0.0251,0.0012,0.0955,0.3166,0.0101,0.005,0.0553,0.0553,0.0653,0.0251,0.0151,0.0905,0.0251,0.0,0.0,0.0029,0.0101,0.0,0.0,0.0352,0.0,0.0,0.0004,0.0,0.0049,0.0,0.0452,0.0,0.0553,0.0,0.0804,0.1759,0.1658,0.7085,0.0854,0.0854,0.0,0.0,0.0,0.0553,0.0,0.0,0.0008,0.0,0.0013,0.0106,0.0004,0.005,0.0008,0.0,0.0101,0.0151,0.0101,0.0004,0.005,0.0008,0.0,0.0,0.0,0.0,0.0251,0.0,0.0,0.005,0.0,0.0,0.0,0.0,0.0,0.0,0.0,0.0,0.0,0.0,0.0,0.0,0.0,0.0
PK-TXM-045.txt,4557,4.3755,0.36,0.6612,1422,200,0.0,0.285,0.0013,0.035,0.185,0.025,0.32,0.3329,0.2,0.005,0.02,0.025,0.015,0.007,0.0046,0.03,0.0605,0.015,0.0035,0.045,0.05,0.095,0.175,0.27,0.02,0.0004,0.005,0.0472,0.0452,0.1069,0.0,0.0844,0.0021,0.0091,0.0141,0.365,0.26,0.0035,0.0014,0.0007,0.025,0.01,0.02,0.04,0.055,0.125,0.02,0.105,0.04,0.27,0.052,0.312,0.0366,0.0042,0.0225,0.0021,0.0127,0.1076,0.0127,0.0105,0.0084,0.21,0.0401,0.0056,0.02,0.08,0.085,0.02,0.005,0.08,0.035,0.0014,0.035,0.0,0.0267,0.0077,0.0066,0.0,0.035,0.0,0.04,0.37,0.005,0.02,0.0,0.0,0.015,0.01,0.09,0.045,0.015,0.0,0.0,0.0002,0.0,0.0,0.005,0.005,0.0,0.0002,0.0004,0.0,0.0015,0.0,0.01,0.005,0.025,0.0,0.095,0.095,0.185,0.67,0.115,0.105,0.01,0.0,0.01,0.135,0.0,0.0156,0.0079,0.0,0.0007,0.0042,0.0116,0.035,0.0,0.0,0.005,0.005,0.015,0.0002,0.02,0.0011,0.0002,0.0007,0.0,0.0,0.0,0.0,0.0,0.005,0.0,0.0,0.0,0.0,0.0,0.0,0.005,0.0,0.0,0.0,0.0,0.0,0.0,0.0
LK-CMT411.txt,2064,4.4423,0.5575,0.4903,566,209,0.0048,0.3206,0.0058,0.0287,0.244,0.0191,0.2823,0.0107,0.0622,0.0,0.0335,0.0383,0.0144,0.0141,0.0039,0.0526,0.2968,0.0048,0.0053,0.0144,0.0383,0.1053,0.0526,0.1579,0.0239,0.0005,0.0048,0.1124,0.1071,0.2155,0.0106,0.1431,0.0106,0.0,0.0371,0.2392,0.1866,0.0124,0.0106,0.0071,0.0287,0.0144,0.0144,0.0478,0.0574,0.0813,0.0048,0.0718,0.0191,0.1579,0.0583,0.2742,0.0954,0.0018,0.0389,0.0124,0.0671,0.3127,0.0265,0.0212,0.0053,0.0828,0.0353,0.023,0.0335,0.0861,0.0957,0.0526,0.0096,0.1244,0.0144,0.0088,0.0909,0.0035,0.0724,0.0242,0.0228,0.0,0.0478,0.0,0.0383,0.2392,0.0,0.0239,0.0096,0.0096,0.0431,0.0287,0.0574,0.0574,0.0766,0.0,0.0,0.0015,0.0,0.0,0.0048,0.0144,0.0,0.0005,0.0024,0.0,0.0039,0.0,0.0048,0.0,0.0144,0.0005,0.1435,0.134,0.1148,0.6459,0.1435,0.1435,0.0,0.0,0.0,0.1196,0.0,0.0,0.0058,0.0048,0.0,0.0071,0.001,0.0144,0.0,0.0,0.0096,0.0,0.0287,0.0015,0.0287,0.0034,0.0,0.0,0.0,0.0005,0.0096,0.0,0.0,0.0,0.0,0.0,0.0,0.0,0.0048,0.0,0.0,0.0,0.0,0.0,0.0,0.0,0.0,0.0
BD-CMT085.txt,2057,4.6801,0.64,0.5143,573,208,0.0,0.2308,0.0039,0.0288,0.2548,0.0337,0.3654,0.0156,0.0962,0.0048,0.0337,0.0192,0.0192,0.0141,0.0019,0.0385,0.2391,0.0048,0.0053,0.0385,0.024,0.1346,0.0673,0.2019,0.0337,0.001,0.0,0.1215,0.1138,0.2251,0.0035,0.1606,0.0105,0.0087,0.0244,0.2692,0.2163,0.0244,0.0087,0.007,0.0625,0.0096,0.0529,0.0962,0.125,0.125,0.0288,0.0913,0.0096,0.2067,0.0977,0.2786,0.0977,0.007,0.0576,0.007,0.0471,0.1955,0.0611,0.0366,0.0052,0.0943,0.0314,0.0122,0.0481,0.1394,0.1394,0.0337,0.0,0.0913,0.0192,0.0052,0.0337,0.0087,0.0681,0.0185,0.017,0.0,0.0192,0.0,0.0337,0.0817,0.0,0.0192,0.0096,0.0096,0.0385,0.0096,0.0433,0.0721,0.0769,0.0,0.0,0.0019,0.0048,0.0096,0.0048,0.0192,0.0,0.001,0.0015,0.0017,0.0053,0.0005,0.024,0.0,0.0337,0.0,0.101,0.1635,0.1058,0.5337,0.1106,0.1106,0.0,0.0,0.0,0.1058,0.0005,0.0,0.0044,0.0048,0.0017,0.0017,0.0034,0.0144,0.0,0.0005,0.0,0.0048,0.024,0.0,0.0192,0.0024,0.0,0.0005,0.0,0.0,0.0,0.0,0.0,0.0,0.0,0.0,0.0,0.0096,0.0,0.0,0.0,0.0,0.0,0.0,0.0,0.0,0.0,0.0
UK-CMT261.txt,2230,4.4247,0.5525,0.4498,556,231,0.0,0.2727,0.0036,0.0173,0.1948,0.0173,0.3983,0.0112,0.0563,0.0173,0.039,0.1385,0.0173,0.0108,0.0036,0.0693,0.3345,0.0087,0.0148,0.039,0.0563,0.0433,0.0996,0.1429,0.026,0.0,0.0,0.117,0.1108,0.1745,0.0072,0.1313,0.0108,0.009,0.0072,0.2078,0.1299,0.0126,0.0072,0.0054,0.039,0.0173,0.013,0.0563,0.0693,0.1255,0.0303,0.0866,0.0216,0.1905,0.0971,0.2493,0.1007,0.0072,0.0234,0.009,0.0504,0.2428,0.0252,0.0216,0.0,0.0906,0.0396,0.0198,0.039,0.0519,0.0519,0.0563,0.0,0.1818,0.0087,0.0108,0.026,0.0126,0.0665,0.0345,0.026,0.0004,0.0779,0.0013,0.0519,0.0519,0.0043,0.026,0.0433,0.0433,0.0476,0.0433,0.0476,0.1558,0.1299,0.0,0.0,0.0004,0.0043,0.0,0.0,0.0043,0.0,0.0004,0.0009,0.0,0.0022,0.0,0.0043,0.0,0.013,0.0,0.1861,0.2078,0.0476,0.5541,0.1299,0.1255,0.0,0.0,0.0043,0.2121,0.0004,0.0,0.0013,0.0087,0.0036,0.0108,0.0,0.0433,0.0009,0.0004,0.0087,0.0043,0.0173,0.0,0.013,0.0009,0.0,0.0,0.0,0.0,0.0,0.0,0.0043,0.0,0.0,0.0,0.0,0.0,0.0,0.0,0.0,0.0,0.0,0.0,0.0,0.0,0.0,0.0
